#Draw Date,#1,#2,#3,#4,#5,#6,#Bonus Ball
"Sat, Sep 28, 2019 ",3,17,24,28,42,46,14
"Wed, Sep 25, 2019 ",1,2,5,6,10,49,20
"Sat, Sep 21, 2019 ",10,22,23,29,31,41,20
"Wed, Sep 18, 2019 ",20,21,39,49,50,52,47
"Sat, Sep 14, 2019 ",4,25,27,28,37,47,29
"Wed, Sep 11, 2019 ",5,10,32,35,36,49,26
"Sat, Sep 7, 2019 ",9,13,14,20,23,33,46
"Wed, Sep 4, 2019 ",1,14,21,40,42,44,22
"Sat, Aug 31, 2019 ",15,22,25,27,39,41,19
"Wed, Aug 28, 2019 ",6,13,14,42,43,51,20
"Sat, Aug 24, 2019 ",3,13,18,26,33,47,1
"Wed, Aug 21, 2019 ",14,19,22,29,35,36,51
"Sat, Aug 17, 2019 ",5,14,40,49,51,52,2
"Wed, Aug 14, 2019 ",10,23,28,30,33,41,35
"Sat, Aug 10, 2019 ",6,20,21,26,45,48,44
"Wed, Aug 7, 2019 ",15,19,24,27,44,52,22
"Sat, Aug 3, 2019 ",12,22,26,33,47,49,9
"Wed, Jul 31, 2019 ",2,3,10,18,45,48,36
"Sat, Jul 27, 2019 ",8,33,40,44,48,52,21
"Wed, Jul 24, 2019 ",1,11,29,36,43,46,40
"Sat, Jul 20, 2019 ",8,24,28,29,32,51,45
"Wed, Jul 17, 2019 ",5,6,10,32,38,45,36
"Sat, Jul 13, 2019 ",6,17,22,26,42,43,29
"Wed, Jul 10, 2019 ",4,6,20,28,46,49,3
"Sat, Jul 6, 2019 ",1,21,26,29,38,41,23
"Wed, Jul 3, 2019 ",8,16,17,22,50,51,25
"Sat, Jun 29, 2019 ",38,41,43,45,51,52,37
"Wed, Jun 26, 2019 ",10,14,26,37,42,44,19
"Sat, Jun 22, 2019 ",3,9,10,33,48,52,19
"Wed, Jun 19, 2019 ",4,9,16,18,19,22,39
"Sat, Jun 15, 2019 ",2,4,9,13,32,39,21
"Wed, Jun 12, 2019 ",1,2,31,34,43,50,13
"Sat, Jun 8, 2019 ",11,14,16,44,49,52,45
"Wed, Jun 5, 2019 ",9,15,26,39,46,50,20
"Sat, Jun 1, 2019 ",4,12,27,30,46,50,23
"Wed, May 29, 2019 ",11,19,28,34,46,52,32
"Sat, May 25, 2019 ",4,6,12,17,32,34,8
"Wed, May 22, 2019 ",2,3,23,24,50,52,19
"Sat, May 18, 2019 ",1,5,13,20,36,52,16
"Wed, May 15, 2019 ",20,23,29,31,32,52,42
"Sat, May 11, 2019 ",25,28,35,36,41,45,48
"Wed, May 8, 2019 ",1,27,28,31,37,50,14
"Sat, May 4, 2019 ",3,27,32,34,41,50,16
"Wed, May 1, 2019 ",2,6,10,30,42,45,35
"Sat, Apr 27, 2019 ",4,19,21,43,44,51,13
"Wed, Apr 24, 2019 ",1,4,8,28,50,52,45
"Sat, Apr 20, 2019 ",5,10,16,30,33,39,13
"Wed, Apr 17, 2019 ",1,19,38,42,50,51,21
"Sat, Apr 13, 2019 ",13,16,22,34,39,46,37
"Wed, Apr 10, 2019 ",1,6,13,18,36,47,34
"Sat, Apr 6, 2019 ",13,14,23,25,29,43,39
"Wed, Apr 3, 2019 ",26,29,32,45,49,51,22
"Sat, Mar 30, 2019 ",10,16,22,28,36,37,42
"Wed, Mar 27, 2019 ",5,11,17,24,46,52,38
"Sat, Mar 23, 2019 ",2,33,34,38,40,46,21
"Wed, Mar 20, 2019 ",12,35,37,42,47,50,29
"Sat, Mar 16, 2019 ",2,12,31,34,47,51,6
"Wed, Mar 13, 2019 ",12,16,43,45,46,48,33
"Sat, Mar 9, 2019 ",20,24,32,36,48,49,22
"Wed, Mar 6, 2019 ",6,16,23,24,30,46,43
"Sat, Mar 2, 2019 ",16,17,20,29,34,35,6
"Wed, Feb 27, 2019 ",15,17,18,33,36,38,20
"Sat, Feb 23, 2019 ",2,3,13,25,40,52,38
"Wed, Feb 20, 2019 ",6,16,21,27,30,52,35
"Sat, Feb 16, 2019 ",10,17,25,29,39,47,27
"Wed, Feb 13, 2019 ",14,26,28,29,32,46,51
"Sat, Feb 9, 2019 ",6,10,17,31,40,49,24
"Wed, Feb 6, 2019 ",7,13,29,32,36,45,27
"Sat, Feb 2, 2019 ",1,6,19,28,32,48,40
"Wed, Jan 30, 2019 ",21,23,26,38,44,48,36
"Sat, Jan 26, 2019 ",7,11,23,29,40,45,14
"Wed, Jan 23, 2019 ",3,5,24,28,32,38,40
"Sat, Jan 19, 2019 ",2,7,17,24,39,46,27
"Wed, Jan 16, 2019 ",19,33,44,48,49,52,9
"Sat, Jan 12, 2019 ",4,11,16,18,21,46,12
"Wed, Jan 9, 2019 ",3,8,15,26,32,43,46
"Sat, Jan 5, 2019 ",5,14,25,27,35,39,1
"Wed, Jan 2, 2019 ",4,8,12,14,27,40,24
"Sat, Dec 29, 2018 ",7,9,15,50,51,52,33
"Wed, Dec 26, 2018 ",1,6,12,15,20,29,26
"Sat, Dec 22, 2018 ",2,19,24,39,45,51,40
"Wed, Dec 19, 2018 ",14,19,33,38,45,52,51
"Sat, Dec 15, 2018 ",16,17,32,43,50,51,23
"Wed, Dec 12, 2018 ",6,24,34,37,38,50,40
"Sat, Dec 8, 2018 ",3,7,12,21,27,29,39
"Wed, Dec 5, 2018 ",2,8,11,25,26,28,44
"Sat, Dec 1, 2018 ",1,16,19,29,45,49,10
"Wed, Nov 28, 2018 ",2,4,20,38,40,45,24
"Sat, Nov 24, 2018 ",6,11,22,27,34,51,19
"Wed, Nov 21, 2018 ",10,22,27,36,46,52,39
"Sat, Nov 17, 2018 ",6,14,18,28,33,44,32
"Wed, Nov 14, 2018 ",12,18,26,27,32,36,33
"Sat, Nov 10, 2018 ",5,8,9,33,41,42,20
"Wed, Nov 7, 2018 ",2,8,29,35,42,47,18
"Sat, Nov 3, 2018 ",11,33,37,41,45,49,26
"Wed, Oct 31, 2018 ",6,17,18,23,33,47,16
"Sat, Oct 27, 2018 ",9,13,16,33,41,44,1
"Wed, Oct 24, 2018 ",2,18,20,22,32,34,46
"Sat, Oct 20, 2018 ",8,9,18,39,45,47,36
"Wed, Oct 17, 2018 ",11,17,38,40,44,48,29
"Sat, Oct 13, 2018 ",15,22,23,29,47,49,37
"Wed, Oct 10, 2018 ",14,22,32,47,49,51,46
"Sat, Oct 6, 2018 ",3,19,27,40,41,44,31
"Wed, Oct 3, 2018 ",3,35,37,43,44,49,1
"Sat, Sep 29, 2018 ",20,23,26,41,42,51,16
"Wed, Sep 26, 2018 ",1,3,29,37,40,41,25
"Sat, Sep 22, 2018 ",4,30,36,43,44,52,38
"Wed, Sep 19, 2018 ",7,14,19,21,29,39,26
"Sat, Sep 15, 2018 ",4,9,16,26,41,43,14
"Wed, Sep 12, 2018 ",4,9,13,18,33,39,29
"Sat, Sep 8, 2018 ",6,14,25,40,43,52,16
"Wed, Sep 5, 2018 ",1,7,15,22,29,31,6
"Sat, Sep 1, 2018 ",1,11,14,25,26,29,20
"Wed, Aug 29, 2018 ",2,10,14,28,29,46,41
"Sat, Aug 25, 2018 ",9,10,14,18,20,23,11
"Wed, Aug 22, 2018 ",2,3,21,23,41,46,9
"Sat, Aug 18, 2018 ",1,18,29,31,35,36,46
"Wed, Aug 15, 2018 ",5,13,16,25,36,50,33
"Sat, Aug 11, 2018 ",17,24,25,36,37,51,29
"Wed, Aug 8, 2018 ",11,13,14,20,41,48,34
"Sat, Aug 4, 2018 ",2,14,21,28,36,42,47
"Wed, Aug 1, 2018 ",2,8,18,24,27,49,10
"Sat, Jul 28, 2018 ",23,27,29,33,45,46,4
"Wed, Jul 25, 2018 ",2,6,18,23,27,48,43
"Sat, Jul 21, 2018 ",5,13,14,16,17,19,3
"Wed, Jul 18, 2018 ",8,12,17,21,26,46,11
"Sat, Jul 14, 2018 ",4,8,13,18,30,42,5
"Wed, Jul 11, 2018 ",5,6,17,30,37,40,39
"Sat, Jul 7, 2018 ",6,16,27,28,34,42,43
"Wed, Jul 4, 2018 ",1,6,7,17,31,36,50
"Sat, Jun 30, 2018 ",12,17,29,42,43,44,16
"Wed, Jun 27, 2018 ",2,4,6,37,39,40,52
"Sat, Jun 23, 2018 ",1,10,13,35,41,42,15
"Wed, Jun 20, 2018 ",4,14,22,27,30,46,7
"Sat, Jun 16, 2018 ",17,22,44,45,46,48,31
"Wed, Jun 13, 2018 ",19,35,36,42,45,47,2
"Sat, Jun 9, 2018 ",25,27,30,48,50,52,6
"Wed, Jun 6, 2018 ",2,6,10,15,27,48,43
"Sat, Jun 2, 2018 ",8,12,14,16,29,47,19
"Wed, May 30, 2018 ",3,6,7,14,30,46,5
"Sat, May 26, 2018 ",8,13,14,16,28,45,36
"Wed, May 23, 2018 ",5,11,23,24,31,49,25
"Sat, May 19, 2018 ",9,35,38,40,46,48,30
"Wed, May 16, 2018 ",1,2,22,31,36,48,45
"Sat, May 12, 2018 ",6,19,26,28,38,39,17
"Wed, May 9, 2018 ",5,10,11,12,36,48,14
"Sat, May 5, 2018 ",11,19,35,45,49,50,6
"Wed, May 2, 2018 ",5,15,22,36,47,49,52
"Sat, Apr 28, 2018 ",5,12,13,14,25,28,4
"Wed, Apr 25, 2018 ",7,13,37,43,44,51,10
"Sat, Apr 21, 2018 ",13,15,21,26,35,49,23
"Wed, Apr 18, 2018 ",10,12,13,32,39,50,42
"Sat, Apr 14, 2018 ",18,26,31,36,40,46,22
"Wed, Apr 11, 2018 ",2,10,24,33,35,46,5
"Sat, Apr 7, 2018 ",3,10,11,13,28,35,16
"Wed, Apr 4, 2018 ",17,28,30,36,50,52,31
"Sat, Mar 31, 2018 ",18,21,23,31,35,49,42
"Wed, Mar 28, 2018 ",1,6,17,18,22,26,30
"Sat, Mar 24, 2018 ",1,3,12,24,31,49,52
"Wed, Mar 21, 2018 ",1,11,19,32,49,50,22
"Sat, Mar 17, 2018 ",6,21,26,40,42,44,49
"Wed, Mar 14, 2018 ",5,8,14,23,41,47,34
"Sat, Mar 10, 2018 ",2,3,5,11,17,23,31
"Wed, Mar 7, 2018 ",17,24,30,32,38,52,37
"Sat, Mar 3, 2018 ",8,19,22,36,40,42,30
"Wed, Feb 28, 2018 ",5,9,28,30,39,51,47
"Sat, Feb 24, 2018 ",6,11,12,15,29,31,8
"Wed, Feb 21, 2018 ",1,14,17,26,36,49,32
"Sat, Feb 17, 2018 ",9,21,27,32,33,38,11
"Wed, Feb 14, 2018 ",2,18,28,40,45,46,22
"Sat, Feb 10, 2018 ",1,16,17,18,41,52,38
"Wed, Feb 7, 2018 ",6,19,47,49,50,52,16
"Sat, Feb 3, 2018 ",6,7,16,21,44,50,28
"Wed, Jan 31, 2018 ",18,19,26,34,40,42,1
"Sat, Jan 27, 2018 ",6,7,15,21,24,48,16
"Wed, Jan 24, 2018 ",3,18,19,24,32,40,25
"Sat, Jan 20, 2018 ",5,27,28,35,50,52,39
"Wed, Jan 17, 2018 ",12,18,24,28,30,41,47
"Sat, Jan 13, 2018 ",10,27,29,46,48,50,32
"Wed, Jan 10, 2018 ",23,31,41,45,47,49,19
"Sat, Jan 6, 2018 ",31,33,34,39,43,44,38
"Wed, Jan 3, 2018 ",3,24,31,35,37,43,39
"Sat, Dec 30, 2017 ",2,23,28,33,34,46,3
"Wed, Dec 27, 2017 ",3,10,20,42,48,49,31
"Sat, Dec 23, 2017 ",6,8,19,24,39,41,12
"Wed, Dec 20, 2017 ",10,14,16,27,29,52,4
"Sat, Dec 16, 2017 ",2,11,17,18,22,42,23
"Wed, Dec 13, 2017 ",8,12,25,32,35,47,52
"Sat, Dec 9, 2017 ",18,23,26,34,38,41,7
"Wed, Dec 6, 2017 ",5,7,17,18,24,49,39
"Sat, Dec 2, 2017 ",13,24,25,43,50,51,28
"Wed, Nov 29, 2017 ",20,26,32,34,39,41,10
"Sat, Nov 25, 2017 ",2,7,25,35,44,51,29
"Wed, Nov 22, 2017 ",3,16,25,26,29,48,45
"Sat, Nov 18, 2017 ",3,36,38,39,43,52,47
"Wed, Nov 15, 2017 ",2,22,36,37,42,49,16
"Sat, Nov 11, 2017 ",3,21,28,30,46,51,42
"Wed, Nov 8, 2017 ",1,24,38,39,47,51,31
"Sat, Nov 4, 2017 ",5,11,25,32,38,49,41
"Wed, Nov 1, 2017 ",3,12,28,42,43,47,23
"Sat, Oct 28, 2017 ",1,6,19,38,45,46,50
"Wed, Oct 25, 2017 ",5,14,18,32,39,52,17
"Sat, Oct 21, 2017 ",20,23,27,36,37,44,24
"Wed, Oct 18, 2017 ",9,23,25,38,43,45,18
"Sat, Oct 14, 2017 ",1,5,21,22,33,44,16
"Wed, Oct 11, 2017 ",5,15,24,28,42,49,41
"Sat, Oct 7, 2017 ",18,22,29,32,43,50,25
"Wed, Oct 4, 2017 ",1,25,27,33,35,38,12
"Sat, Sep 30, 2017 ",7,11,19,24,25,51,26
"Wed, Sep 27, 2017 ",8,10,11,16,35,44,52
"Sat, Sep 23, 2017 ",2,19,31,33,43,52,22
"Wed, Sep 20, 2017 ",3,7,22,24,34,37,44
"Sat, Sep 16, 2017 ",2,7,10,33,37,44,11
"Wed, Sep 13, 2017 ",4,10,19,21,31,49,35
"Sat, Sep 9, 2017 ",9,16,27,35,37,51,40
"Wed, Sep 6, 2017 ",1,7,24,29,44,51,23
"Sat, Sep 2, 2017 ",1,3,4,21,25,30,41
"Wed, Aug 30, 2017 ",10,32,33,35,39,42,31
"Sat, Aug 26, 2017 ",1,25,28,34,36,49,14
"Wed, Aug 23, 2017 ",1,6,7,26,27,40,10
"Sat, Aug 19, 2017 ",13,23,33,42,47,51,52
"Wed, Aug 16, 2017 ",22,28,31,39,49,50,21
"Sat, Aug 12, 2017 ",24,34,38,40,41,46,9
"Wed, Aug 9, 2017 ",1,10,20,27,32,46,8
"Sat, Aug 5, 2017 ",6,7,31,33,39,45,14
"Wed, Aug 2, 2017 ",8,12,29,31,39,49,14
"Sat, Jul 29, 2017 ",16,19,25,26,35,49,48
"Wed, Jul 26, 2017 ",9,10,23,24,38,49,5
"Sat, Jul 22, 2017 ",11,13,27,30,31,45,46
"Wed, Jul 19, 2017 ",2,5,8,9,16,38,26
"Sat, Jul 15, 2017 ",13,17,26,30,46,48,34
"Wed, Jul 12, 2017 ",1,24,31,33,35,40,4
"Sat, Jul 8, 2017 ",5,33,36,38,40,45,27
"Wed, Jul 5, 2017 ",16,29,30,32,37,44,10
"Sat, Jul 1, 2017 ",6,12,16,19,25,26,48
"Wed, Jun 28, 2017 ",15,20,25,29,30,47,38
"Sat, Jun 24, 2017 ",15,18,26,31,37,42,49
"Wed, Jun 21, 2017 ",5,8,9,18,24,44,30
"Sat, Jun 17, 2017 ",7,15,22,31,34,36,38
"Wed, Jun 14, 2017 ",11,12,14,19,33,42,27
"Sat, Jun 10, 2017 ",4,11,12,27,42,47,28
"Wed, Jun 7, 2017 ",1,3,13,28,32,45,10
"Sat, Jun 3, 2017 ",6,23,26,33,46,47,22
"Wed, May 31, 2017 ",14,30,34,39,44,48,35
"Sat, May 27, 2017 ",6,10,11,21,39,47,17
"Wed, May 24, 2017 ",1,9,14,16,30,40,39
"Sat, May 20, 2017 ",1,2,12,23,30,41,34
"Wed, May 17, 2017 ",12,25,27,28,32,41,36
"Sat, May 13, 2017 ",8,9,10,22,26,32,17
"Wed, May 10, 2017 ",5,19,26,41,43,44,33
"Sat, May 6, 2017 ",2,4,9,30,32,48,35
"Wed, May 3, 2017 ",9,11,16,24,30,37,49
"Sat, Apr 29, 2017 ",1,7,22,29,43,47,45
"Wed, Apr 26, 2017 ",2,9,13,35,47,48,31
"Sat, Apr 22, 2017 ",3,18,23,26,38,47,22
"Wed, Apr 19, 2017 ",13,20,26,35,39,48,22
"Sat, Apr 15, 2017 ",14,23,27,35,38,49,21
"Wed, Apr 12, 2017 ",6,15,18,20,26,43,37
"Sat, Apr 8, 2017 ",8,9,22,27,34,44,1
"Wed, Apr 5, 2017 ",6,8,11,26,35,43,27
"Sat, Apr 1, 2017 ",3,23,24,31,35,47,2
"Wed, Mar 29, 2017 ",11,13,18,28,29,31,40
"Sat, Mar 25, 2017 ",1,5,9,19,24,25,17
"Wed, Mar 22, 2017 ",5,7,17,22,25,35,49
"Sat, Mar 18, 2017 ",2,5,7,13,20,49,21
"Wed, Mar 15, 2017 ",1,13,14,25,31,36,37
"Sat, Mar 11, 2017 ",9,18,24,27,34,46,1
"Wed, Mar 8, 2017 ",11,17,19,20,38,44,35
"Sat, Mar 4, 2017 ",7,9,12,31,38,41,25
"Wed, Mar 1, 2017 ",4,34,40,41,43,44,6
"Sat, Feb 25, 2017 ",7,23,27,34,40,45,26
"Wed, Feb 22, 2017 ",7,12,16,39,46,48,14
"Sat, Feb 18, 2017 ",8,14,19,31,34,36,6
"Wed, Feb 15, 2017 ",2,5,15,19,47,48,30
"Sat, Feb 11, 2017 ",12,16,22,29,31,37,9
"Wed, Feb 8, 2017 ",5,23,24,28,32,48,46
"Sat, Feb 4, 2017 ",7,13,19,38,39,41,27
"Wed, Feb 1, 2017 ",9,14,24,34,48,49,42
"Sat, Jan 28, 2017 ",10,13,14,18,30,31,49
"Wed, Jan 25, 2017 ",1,2,16,17,19,34,45
"Sat, Jan 21, 2017 ",9,19,31,35,36,41,13
"Wed, Jan 18, 2017 ",4,12,23,27,28,32,33
"Sat, Jan 14, 2017 ",3,14,16,26,30,35,7
"Wed, Jan 11, 2017 ",6,10,30,36,46,47,31
"Sat, Jan 7, 2017 ",14,27,28,30,33,49,12
"Wed, Jan 4, 2017 ",5,6,20,29,41,43,15
"Sat, Dec 31, 2016 ",9,13,21,24,48,49,36
"Wed, Dec 28, 2016 ",4,27,39,43,45,49,47
"Sat, Dec 24, 2016 ",11,14,23,30,32,33,39
"Wed, Dec 21, 2016 ",11,29,33,34,36,40,16
"Sat, Dec 17, 2016 ",12,22,34,38,40,47,9
"Wed, Dec 14, 2016 ",8,9,20,21,27,39,32
"Sat, Dec 10, 2016 ",3,12,15,34,43,46,32
"Wed, Dec 7, 2016 ",1,13,23,29,31,39,14
"Sat, Dec 3, 2016 ",2,18,21,27,39,46,41
"Wed, Nov 30, 2016 ",3,5,7,10,23,32,38
"Sat, Nov 26, 2016 ",7,9,22,24,43,48,23
"Wed, Nov 23, 2016 ",1,5,38,39,40,41,12
"Sat, Nov 19, 2016 ",7,13,20,25,32,43,14
"Wed, Nov 16, 2016 ",8,11,24,25,36,46,47
"Sat, Nov 12, 2016 ",4,9,18,35,40,44,48
"Wed, Nov 9, 2016 ",6,10,11,38,39,43,1
"Sat, Nov 5, 2016 ",11,29,30,36,37,38,10
"Wed, Nov 2, 2016 ",4,19,23,26,38,41,48
"Sat, Oct 29, 2016 ",11,17,33,40,41,47,18
"Wed, Oct 26, 2016 ",23,27,29,32,43,49,9
"Sat, Oct 22, 2016 ",1,5,27,29,34,42,14
"Wed, Oct 19, 2016 ",1,23,26,39,41,45,34
"Sat, Oct 15, 2016 ",8,17,22,23,34,49,37
"Wed, Oct 12, 2016 ",5,14,18,32,36,48,23
"Sat, Oct 8, 2016 ",1,14,38,39,40,48,45
"Wed, Oct 5, 2016 ",7,15,17,25,31,40,47
"Sat, Oct 1, 2016 ",3,4,26,32,37,39,35
"Wed, Sep 28, 2016 ",9,16,23,30,31,45,19
"Sat, Sep 24, 2016 ",8,10,17,20,33,35,49
"Wed, Sep 21, 2016 ",22,23,28,37,46,48,11
"Sat, Sep 17, 2016 ",2,8,11,12,16,25,6
"Wed, Sep 14, 2016 ",8,16,18,24,45,47,22
"Sat, Sep 10, 2016 ",2,7,10,26,38,48,17
"Wed, Sep 7, 2016 ",6,9,24,43,44,49,46
"Sat, Sep 3, 2016 ",8,10,15,22,29,42,16
"Wed, Aug 31, 2016 ",1,16,19,27,38,43,31
"Sat, Aug 27, 2016 ",7,11,20,22,25,27,10
"Wed, Aug 24, 2016 ",2,7,9,13,29,40,45
"Sat, Aug 20, 2016 ",15,24,34,43,46,48,39
"Wed, Aug 17, 2016 ",5,16,22,23,29,43,10
"Sat, Aug 13, 2016 ",4,9,14,17,20,24,12
"Wed, Aug 10, 2016 ",3,30,35,37,41,45,24
"Sat, Aug 6, 2016 ",1,8,11,14,40,48,16
"Wed, Aug 3, 2016 ",7,8,11,20,43,44,28
"Sat, Jul 30, 2016 ",28,29,30,34,43,49,40
"Wed, Jul 27, 2016 ",2,19,22,28,40,45,1
"Sat, Jul 23, 2016 ",5,16,24,36,38,41,4
"Wed, Jul 20, 2016 ",13,24,27,36,48,49,17
"Sat, Jul 16, 2016 ",4,7,31,34,37,48,22
"Wed, Jul 13, 2016 ",4,11,32,39,45,47,25
"Sat, Jul 9, 2016 ",12,15,16,21,34,40,23
"Wed, Jul 6, 2016 ",3,11,14,16,21,22,5
"Sat, Jul 2, 2016 ",3,4,23,24,33,40,37
"Wed, Jun 29, 2016 ",9,13,25,36,46,47,42
"Sat, Jun 25, 2016 ",4,15,20,28,44,46,26
"Wed, Jun 22, 2016 ",7,17,19,35,36,42,32
"Sat, Jun 18, 2016 ",3,6,15,28,35,49,12
"Wed, Jun 15, 2016 ",6,23,26,29,32,47,19
"Sat, Jun 11, 2016 ",6,7,8,12,27,30,39
"Wed, Jun 8, 2016 ",1,4,25,27,45,48,19
"Sat, Jun 4, 2016 ",1,11,17,26,27,42,16
"Wed, Jun 1, 2016 ",14,24,31,40,42,47,15
"Sat, May 28, 2016 ",1,5,20,23,47,49,41
"Wed, May 25, 2016 ",4,12,13,20,44,48,43
"Sat, May 21, 2016 ",1,10,14,30,41,44,46
"Wed, May 18, 2016 ",4,13,32,33,38,49,43
"Sat, May 14, 2016 ",6,13,34,38,44,48,31
"Wed, May 11, 2016 ",8,10,14,40,41,44,47
"Sat, May 7, 2016 ",2,3,19,30,36,45,12
"Wed, May 4, 2016 ",18,21,23,24,32,35,41
"Sat, Apr 30, 2016 ",12,19,28,40,41,45,14
"Wed, Apr 27, 2016 ",1,3,8,14,26,39,16
"Sat, Apr 23, 2016 ",1,8,18,26,31,33,32
"Wed, Apr 20, 2016 ",2,4,6,13,17,23,38
"Sat, Apr 16, 2016 ",7,17,18,23,31,34,44
"Wed, Apr 13, 2016 ",2,7,11,18,20,38,40
"Sat, Apr 9, 2016 ",13,17,25,27,30,31,4
"Wed, Apr 6, 2016 ",11,12,16,20,21,47,6
"Sat, Apr 2, 2016 ",1,6,16,28,39,42,43
"Wed, Mar 30, 2016 ",5,10,22,34,38,39,32
"Sat, Mar 26, 2016 ",1,17,23,27,31,41,9
"Wed, Mar 23, 2016 ",10,17,20,24,46,48,9
"Sat, Mar 19, 2016 ",5,9,31,40,42,48,17
"Wed, Mar 16, 2016 ",15,30,32,37,46,47,40
"Sat, Mar 12, 2016 ",4,15,22,26,30,39,6
"Wed, Mar 9, 2016 ",9,29,35,41,45,48,25
"Sat, Mar 5, 2016 ",3,15,21,35,38,48,43
"Wed, Mar 2, 2016 ",18,23,27,30,36,37,14
"Sat, Feb 27, 2016 ",2,14,35,43,44,47,6
"Wed, Feb 24, 2016 ",4,5,11,15,26,41,25
"Sat, Feb 20, 2016 ",7,20,24,35,37,48,43
"Wed, Feb 17, 2016 ",6,14,16,19,25,40,14
"Sat, Feb 13, 2016 ",4,17,21,30,31,37,6
"Wed, Feb 10, 2016 ",1,25,33,40,46,49,49
"Sat, Feb 6, 2016 ",1,17,31,37,41,47,43
"Wed, Feb 3, 2016 ",6,9,18,20,32,49,14
"Sat, Jan 30, 2016 ",5,9,16,23,27,35,6
"Wed, Jan 27, 2016 ",8,13,20,26,37,43,49
"Sat, Jan 23, 2016 ",6,10,16,23,30,44,43
"Wed, Jan 20, 2016 ",1,2,3,11,37,43,22
"Sat, Jan 16, 2016 ",6,8,18,25,39,47,39
"Wed, Jan 13, 2016 ",3,8,9,24,44,47,43
"Sat, Jan 9, 2016 ",2,31,38,42,46,47,18
"Wed, Jan 6, 2016 ",9,14,19,28,43,44,26
"Sat, Jan 2, 2016 ",3,5,8,36,39,45,15
"Wed, Dec 30, 2015 ",2,3,23,29,45,48,32
"Sat, Dec 26, 2015 ",9,24,40,41,42,45,12
"Wed, Dec 23, 2015 ",1,10,15,30,32,39,6
"Sat, Dec 19, 2015 ",5,15,20,22,38,49,20
"Wed, Dec 16, 2015 ",2,7,15,17,27,30,37
"Sat, Dec 12, 2015 ",11,29,31,43,46,48,27
"Wed, Dec 9, 2015 ",4,14,32,34,39,41,49
"Sat, Dec 5, 2015 ",5,8,16,19,39,43,44
"Wed, Dec 2, 2015 ",25,33,34,36,40,43,9
"Sat, Nov 28, 2015 ",4,9,20,23,26,47,32
"Wed, Nov 25, 2015 ",5,14,23,34,43,44,42
"Sat, Nov 21, 2015 ",4,6,8,9,29,42,13
"Wed, Nov 18, 2015 ",3,14,27,30,38,41,49
"Sat, Nov 14, 2015 ",4,5,8,11,38,44,12
"Wed, Nov 11, 2015 ",2,14,20,21,25,37,45
"Sat, Nov 7, 2015 ",1,3,4,7,16,20,13
"Wed, Nov 4, 2015 ",29,31,36,38,39,40,35
"Sat, Oct 31, 2015 ",1,20,24,30,39,44,32
"Wed, Oct 28, 2015 ",16,23,31,42,46,47,8
"Sat, Oct 24, 2015 ",5,11,28,29,31,40,46
"Wed, Oct 21, 2015 ",13,14,20,30,33,38,22
"Sat, Oct 17, 2015 ",8,17,22,34,38,47,31
"Wed, Oct 14, 2015 ",5,12,19,32,37,42,24
"Sat, Oct 10, 2015 ",1,2,19,30,34,45,5
"Wed, Oct 7, 2015 ",1,8,24,31,43,46,6
"Sat, Oct 3, 2015 ",2,16,29,41,44,48,26
"Wed, Sep 30, 2015 ",3,4,40,44,46,49,4
"Sat, Sep 26, 2015 ",9,28,32,37,39,46,46
"Wed, Sep 23, 2015 ",8,14,23,28,35,46,3
"Sat, Sep 19, 2015 ",1,2,9,19,33,39,10
"Wed, Sep 16, 2015 ",3,5,7,13,38,47,25
"Wed, Sep 9, 2015 ",7,9,23,37,41,45,40
"Sat, Sep 5, 2015 ",1,2,8,18,19,42,25
"Wed, Sep 2, 2015 ",3,4,6,8,23,39,23
"Sat, Aug 29, 2015 ",14,28,31,32,36,46,1
"Wed, Aug 26, 2015 ",11,20,21,30,37,42,42
"Sat, Aug 22, 2015 ",1,4,9,34,38,41,17
"Wed, Aug 19, 2015 ",1,2,3,6,23,28,16
"Sat, Aug 15, 2015 ",2,11,16,24,33,43,28
"Wed, Aug 12, 2015 ",6,20,25,29,32,35,31
"Sat, Aug 8, 2015 ",12,17,22,29,37,48,42
"Wed, Aug 5, 2015 ",8,15,17,29,34,38,3
"Sat, Aug 1, 2015 ",8,22,24,33,38,40,28
"Wed, Jul 29, 2015 ",3,6,28,34,39,43,17
"Sat, Jul 25, 2015 ",15,17,18,24,35,42,24
"Wed, Jul 22, 2015 ",20,23,40,43,47,49,14
"Sat, Jul 18, 2015 ",5,7,18,22,31,32,46
"Wed, Jul 15, 2015 ",8,12,13,36,38,43,40
"Sat, Jul 11, 2015 ",2,3,14,25,30,31,5
"Wed, Jul 8, 2015 ",5,23,26,30,39,48,47
"Sat, Jul 4, 2015 ",2,5,6,7,8,37,48
"Wed, Jul 1, 2015 ",1,4,10,16,22,39,13
"Sat, Jun 27, 2015 ",6,18,28,32,37,42,39
"Wed, Jun 24, 2015 ",3,5,23,36,39,43,45
"Sat, Jun 20, 2015 ",4,28,39,44,45,48,12
"Wed, Jun 17, 2015 ",13,14,22,28,32,34,15
"Sat, Jun 13, 2015 ",10,23,24,35,36,43,37
"Wed, Jun 10, 2015 ",3,5,23,37,40,48,2
"Sat, Jun 6, 2015 ",4,21,22,24,33,38,19
"Wed, Jun 3, 2015 ",16,18,20,21,23,39,31
"Sat, May 30, 2015 ",8,10,16,24,25,44,4
"Wed, May 27, 2015 ",2,20,22,30,36,43,9
"Sat, May 23, 2015 ",6,18,26,30,34,40,15
"Wed, May 20, 2015 ",12,23,27,31,34,39,49
"Sat, May 16, 2015 ",5,22,23,25,40,43,31
"Wed, May 13, 2015 ",12,13,17,27,35,37,21
"Sat, May 9, 2015 ",8,10,11,14,30,48,5
"Wed, May 6, 2015 ",3,7,12,16,29,35,34
"Sat, May 2, 2015 ",3,6,28,35,42,43,1
"Wed, Apr 29, 2015 ",1,19,21,28,34,45,4
"Sat, Apr 25, 2015 ",3,4,6,20,25,36,16
"Wed, Apr 22, 2015 ",2,17,19,27,45,49,6
"Sat, Apr 18, 2015 ",2,9,18,25,29,34,14
"Wed, Apr 15, 2015 ",17,19,26,34,35,46,3
"Sat, Apr 11, 2015 ",5,6,22,24,32,43,9
"Wed, Apr 8, 2015 ",27,29,30,33,45,49,11
"Sat, Apr 4, 2015 ",15,26,27,33,40,45,34
"Wed, Apr 1, 2015 ",14,21,23,33,36,38,9
"Sat, Mar 28, 2015 ",10,11,18,24,40,46,14
"Wed, Mar 25, 2015 ",3,5,17,37,47,49,8
"Sat, Mar 21, 2015 ",6,13,21,24,38,48,45
"Wed, Mar 18, 2015 ",6,8,20,23,35,39,47
"Sat, Mar 14, 2015 ",17,22,23,26,30,40,41
"Wed, Mar 11, 2015 ",4,18,20,22,33,46,1
"Sat, Mar 7, 2015 ",8,17,22,31,41,43,16
"Wed, Mar 4, 2015 ",13,18,20,29,33,43,27
"Sat, Feb 28, 2015 ",7,9,17,18,27,35,44
"Wed, Feb 25, 2015 ",14,15,32,33,34,39,20
"Sat, Feb 21, 2015 ",5,27,40,41,42,46,8
"Wed, Feb 18, 2015 ",2,4,19,34,45,47,29
"Sat, Feb 14, 2015 ",6,32,33,38,40,49,35
"Wed, Feb 11, 2015 ",28,32,41,43,46,49,48
"Sat, Feb 7, 2015 ",4,15,20,30,38,42,12
"Wed, Feb 4, 2015 ",7,8,11,16,30,44,43
"Sat, Jan 31, 2015 ",7,9,11,15,19,26,32
"Wed, Jan 28, 2015 ",7,30,31,39,42,44,46
"Sat, Jan 24, 2015 ",6,17,27,30,40,43,11
"Wed, Jan 21, 2015 ",9,24,27,31,34,36,2
"Sat, Jan 17, 2015 ",4,6,13,22,31,36,41
"Wed, Jan 14, 2015 ",9,11,13,16,28,41,17
"Sat, Jan 10, 2015 ",15,25,27,38,41,43,40
"Wed, Jan 7, 2015 ",4,5,29,33,43,49,1
"Sat, Jan 3, 2015 ",8,13,22,25,27,39,11
"Wed, Dec 31, 2014 ",1,12,14,24,45,47,43
"Sat, Dec 27, 2014 ",15,20,24,27,37,43,17
"Wed, Dec 24, 2014 ",16,19,27,37,38,44,46
"Sat, Dec 20, 2014 ",10,13,34,35,39,41,33
"Wed, Dec 17, 2014 ",2,16,23,25,29,40,18
"Sat, Dec 13, 2014 ",4,9,12,26,32,39,43
"Wed, Dec 10, 2014 ",5,10,16,17,36,42,32
"Sat, Dec 6, 2014 ",4,9,23,39,40,48,7
"Wed, Dec 3, 2014 ",13,15,26,28,38,48,2
"Sat, Nov 29, 2014 ",9,24,28,36,40,45,31
"Wed, Nov 26, 2014 ",1,3,16,17,29,48,23
"Sat, Nov 22, 2014 ",7,18,29,39,44,45,37
"Wed, Nov 19, 2014 ",3,10,16,27,42,47,41
"Sat, Nov 15, 2014 ",5,15,25,34,40,46,43
"Wed, Nov 12, 2014 ",2,8,14,25,35,39,33
"Sat, Nov 8, 2014 ",5,8,17,43,47,49,30
"Wed, Nov 5, 2014 ",1,8,9,14,29,32,27
"Sat, Nov 1, 2014 ",16,24,25,30,36,39,38
"Wed, Oct 29, 2014 ",12,16,17,25,31,33,4
"Sat, Oct 25, 2014 ",11,14,36,40,46,48,1
"Wed, Oct 22, 2014 ",7,13,16,21,24,32,28
"Sat, Oct 18, 2014 ",3,4,11,24,30,48,22
"Wed, Oct 15, 2014 ",14,22,26,28,44,49,39
"Sat, Oct 11, 2014 ",7,8,18,35,40,42,23
"Wed, Oct 8, 2014 ",11,13,26,30,44,45,46
"Sat, Oct 4, 2014 ",10,15,16,25,27,38,29
"Wed, Oct 1, 2014 ",11,17,26,36,46,49,40
"Sat, Sep 27, 2014",3,12,13,29,33,40,39
"Wed, Sep 24, 2014",5,7,17,27,31,48,30
"Sat, Sep 20, 2014",10,28,29,30,36,48,31
"Wed, Sep 17, 2014",14,15,28,29,38,49,7
"Sat, Sep 13, 2014",1,13,21,45,48,49,18
"Wed, Sep 10, 2014",4,8,16,34,38,42,18
"Sat, Sep 6, 2014",5,10,29,30,32,49,15
"Wed, Sep 3, 2014",12,15,16,28,41,46,1
"Sat, Aug 30, 2014",2,5,14,18,19,33,16
"Wed, Aug 27, 2014",9,15,21,28,29,47,48
"Sat, Aug 23, 2014",1,3,32,39,45,47,22
"Wed, Aug 20, 2014",3,4,22,35,39,47,10
"Sat, Aug 16, 2014",1,10,11,14,29,45,3
"Wed, Aug 13, 2014",4,8,26,31,43,46,9
"Sat, Aug 9, 2014",4,11,30,36,38,47,31
"Wed, Aug 6, 2014",6,15,17,30,40,42,41
"Sat, Aug 2, 2014",5,7,16,27,34,41,24
"Wed, Jul 30, 2014",2,9,17,22,32,34,10
"Sat, Jul 26, 2014",10,33,39,45,46,47,35
"Wed, Jul 23, 2014",2,30,35,37,43,44,22
"Sat, Jul 19, 2014",1,11,28,36,37,43,12
"Wed, Jul 16, 2014",15,18,25,28,38,44,11
"Sat, Jul 12, 2014",7,11,14,21,28,45,35
"Wed, Jul 9, 2014",19,25,39,41,44,48,16
"Sat, Jul 5, 2014",3,4,5,22,35,40,24
"Wed, Jul 2, 2014",3,5,6,21,35,49,29
"Sat, Jun 28, 2014",3,7,12,18,28,36,14
"Wed, Jun 25, 2014",4,24,34,36,43,49,9
"Sat, Jun 21, 2014",2,5,8,16,36,38,17
"Wed, Jun 18, 2014",1,3,18,32,34,47,8
"Sat, Jun 14, 2014",12,25,28,37,40,48,3
"Wed, Jun 11, 2014",19,28,34,35,38,44,31
"Sat, Jun 7, 2014",7,8,24,30,37,48,22
"Wed, Jun 4, 2014",16,23,26,39,44,45,35
"Sat, May 31, 2014",5,8,15,16,28,29,39
"Wed, May 28, 2014",6,8,16,26,28,37,49
"Wed, May 21, 2014",3,11,19,20,23,44,6
"Sat, May 17, 2014",3,4,25,29,33,45,24
"Wed, May 14, 2014",9,12,18,20,32,34,31
"Sat, May 10, 2014",1,5,7,28,34,41,49
"Wed, May 7, 2014",9,15,19,22,48,49,10
"Sat, May 3, 2014",13,14,22,26,30,34,48
"Wed, Apr 30, 2014",18,20,21,26,35,45,25
"Sat, Apr 26, 2014",21,28,30,35,39,41,37
"Wed, Apr 23, 2014",14,20,26,39,42,48,3
"Sat, Apr 19, 2014",9,20,23,33,38,44,39
"Wed, Apr 16, 2014",12,13,23,35,36,49,6
"Sat, Apr 12, 2014",14,18,32,35,37,45,9
"Wed, Apr 9, 2014",1,2,22,25,27,36,15
"Sat, Apr 5, 2014",16,17,33,34,44,45,2
"Wed, Apr 2, 2014",9,11,14,33,37,48,31
"Sat, Mar 29, 2014",9,13,17,30,36,45,40
"Wed, Mar 26, 2014",3,23,30,36,37,44,49
"Sat, Mar 22, 2014",16,32,35,37,42,47,49
"Wed, Mar 19, 2014",2,9,21,29,42,47,3
"Sat, Mar 15, 2014",3,6,23,28,30,38,32
"Wed, Mar 12, 2014",1,31,35,42,45,46,18
"Sat, Mar 8, 2014",6,9,24,40,48,49,21
"Wed, Mar 5, 2014",4,20,23,30,33,34,42
"Sat, Mar 1, 2014",8,13,21,37,43,47,14
"Wed, Feb 26, 2014",7,18,34,39,41,42,23
"Sat, Feb 22, 2014",2,3,9,15,18,31,25
"Wed, Feb 19, 2014",1,2,23,28,37,41,10
"Sat, Feb 15, 2014",3,16,32,33,44,48,43
"Wed, Feb 12, 2014",6,11,23,28,45,47,33
"Sat, Feb 8, 2014",8,16,32,34,38,42,11
"Wed, Feb 5, 2014",2,18,24,25,37,38,28
"Sat, Feb 1, 2014",7,39,42,43,44,47,13
"Wed, Jan 29, 2014",2,13,15,36,40,43,23
"Sat, Jan 25, 2014",7,14,27,29,36,48,23
"Wed, Jan 22, 2014",1,2,18,28,33,48,43
"Sat, Jan 18, 2014",13,19,28,29,37,39,25
"Wed, Jan 15, 2014",3,13,19,27,28,38,25
"Sat, Jan 11, 2014",4,14,26,34,39,49,10
"Wed, Jan 8, 2014",3,14,22,29,48,49,18
"Sat, Jan 4, 2014",13,20,22,24,46,48,35
"Wed, Jan 1, 2014",12,16,18,35,36,43,17
"Sat, Dec 28, 2013",1,26,27,35,45,48,47
"Sat, Dec 21, 2013",28,33,34,43,46,48,23
"Wed, Dec 18, 2013",4,6,9,16,20,31,32
"Sat, Dec 14, 2013",14,18,21,27,35,48,44
"Wed, Dec 11, 2013",5,24,29,38,40,49,19
"Sat, Dec 7, 2013",15,26,27,28,30,39,5
"Wed, Dec 4, 2013",3,6,7,11,15,48,30
"Sat, Nov 30, 2013",3,4,9,21,27,31,49
"Wed, Nov 27, 2013",1,13,19,23,27,42,36
"Sat, Nov 23, 2013",4,19,29,34,40,45,18
"Wed, Nov 20, 2013",4,8,9,12,43,49,26
"Sat, Nov 16, 2013",16,18,37,42,43,45,29
"Wed, Nov 13, 2013",1,18,33,36,38,41,3
"Sat, Nov 9, 2013",8,9,11,12,23,38,29
"Wed, Nov 6, 2013",17,20,32,36,37,41,42
"Sat, Nov 2, 2013",1,7,13,25,30,46,24
"Wed, Oct 30, 2013",11,23,25,28,34,37,26
"Sat, Oct 26, 2013",7,9,10,11,46,48,34
"Wed, Oct 23, 2013",14,18,24,31,38,46,2
"Sat, Oct 19, 2013",1,19,33,38,41,42,13
"Wed, Oct 16, 2013",27,31,39,40,44,45,15
"Sat, Oct 12, 2013",6,17,21,31,34,36,47
"Wed, Oct 9, 2013",7,8,12,24,30,39,48
"Sat, Oct 5, 2013",2,8,14,15,41,43,25
"Wed, Oct 2, 2013",3,8,22,27,30,45,6
"Sat, Sep 28, 2013",1,9,15,16,21,47,18
"Wed, Sep 25, 2013",3,9,13,20,40,41,15
"Sat, Sep 21, 2013",1,20,33,37,41,45,44
"Wed, Sep 18, 2013",3,9,11,25,35,36,2
"Sat, Sep 14, 2013",7,14,16,27,42,43,10
"Wed, Sep 11, 2013",1,2,3,30,33,45,36
"Sat, Sep 7, 2013",13,16,29,35,41,43,10
"Wed, Sep 4, 2013",5,10,17,18,23,40,8
"Sat, Aug 31, 2013",7,8,19,24,41,47,1
"Wed, Aug 28, 2013",17,21,23,29,30,45,44
"Sat, Aug 24, 2013",5,22,29,35,36,40,21
"Wed, Aug 21, 2013",11,22,23,25,34,41,29
"Sat, Aug 17, 2013",15,16,17,25,26,46,13
"Wed, Aug 14, 2013",18,20,21,32,33,35,6
"Sat, Aug 10, 2013",4,5,16,18,38,40,35
"Wed, Aug 7, 2013",7,12,21,34,41,46,23
"Sat, Aug 3, 2013",13,18,19,23,33,41,4
"Wed, Jul 31, 2013",6,9,18,22,28,39,7
"Sat, Jul 27, 2013",18,19,31,34,40,42,48
"Wed, Jul 24, 2013",12,21,22,24,34,41,49
"Sat, Jul 20, 2013",3,17,26,35,43,45,8
"Wed, Jul 17, 2013",2,5,10,15,41,49,24
"Sat, Jul 13, 2013",8,19,25,32,45,48,36
"Wed, Jul 10, 2013",8,9,21,37,40,46,20
"Sat, Jul 6, 2013",8,11,25,29,40,48,28
"Wed, Jul 3, 2013",2,6,26,29,31,37,24
"Sat, Jun 29, 2013",6,8,17,28,37,49,27
"Wed, Jun 26, 2013",1,9,11,12,13,25,42
"Sat, Jun 22, 2013",3,21,36,42,43,44,27
"Wed, Jun 19, 2013",20,23,26,27,44,46,5
"Sat, Jun 15, 2013",5,16,17,44,45,48,19
"Wed, Jun 12, 2013",11,19,23,27,33,37,32
"Sat, Jun 8, 2013",2,18,23,36,43,46,9
"Wed, Jun 5, 2013",5,13,17,27,47,49,34
"Sat, Jun 1, 2013",1,5,12,17,22,43,36
"Wed, May 29, 2013",14,15,24,33,34,36,11
"Sat, May 25, 2013",15,23,27,36,41,49,37
"Wed, May 22, 2013",10,18,19,22,30,48,34
"Sat, May 18, 2013",3,8,15,19,35,45,23
"Wed, May 15, 2013",8,21,26,27,34,43,10
"Sat, May 11, 2013",8,26,27,35,42,49,39
"Wed, May 8, 2013",5,7,8,21,28,40,26
"Sat, May 4, 2013",2,39,40,45,46,47,15
"Wed, May 1, 2013",9,32,33,39,46,47,42
"Sat, Apr 27, 2013",4,5,9,11,39,40,22
"Wed, Apr 24, 2013",1,3,4,23,40,42,8
"Sat, Apr 20, 2013",3,8,12,14,23,37,21
"Wed, Apr 17, 2013",1,8,27,33,45,49,5
"Sat, Apr 13, 2013",10,12,35,40,47,49,19
"Wed, Apr 10, 2013",3,10,12,41,46,47,27
"Sat, Apr 6, 2013",12,22,24,25,36,37,44
"Wed, Apr 3, 2013",6,16,31,32,42,48,5
"Sat, Mar 30, 2013",17,30,33,36,38,46,1
"Wed, Mar 27, 2013",6,17,19,31,42,43,9
"Sat, Mar 23, 2013",5,17,26,29,34,44,13
"Wed, Mar 20, 2013",5,18,28,31,43,49,30
"Sat, Mar 16, 2013",2,12,23,29,37,47,40
"Wed, Mar 13, 2013",12,27,30,33,37,40,47
"Sat, Mar 9, 2013",2,16,33,38,42,48,7
"Wed, Mar 6, 2013",28,29,40,42,43,44,12
"Sat, Mar 2, 2013",1,14,15,39,41,43,26
"Wed, Feb 27, 2013",17,21,22,30,31,32,23
"Sat, Feb 23, 2013",4,9,21,39,41,43,26
"Wed, Feb 20, 2013",11,15,21,22,30,34,36
"Sat, Feb 16, 2013",8,17,18,23,43,45,44
"Wed, Feb 13, 2013",2,15,43,46,47,48,12
"Sat, Feb 9, 2013",12,26,27,30,33,39,5
"Wed, Feb 6, 2013",8,18,20,25,37,38,5
"Sat, Feb 2, 2013",1,10,16,27,30,35,18
"Wed, Jan 30, 2013",3,4,16,26,28,30,37
"Sat, Jan 26, 2013",4,31,36,39,41,44,12
"Wed, Jan 23, 2013",2,3,25,35,38,39,44
"Sat, Jan 19, 2013",7,15,23,28,29,49,2
"Wed, Jan 16, 2013",3,12,21,26,33,46,32
"Sat, Jan 12, 2013",2,5,21,30,36,41,44
"Wed, Jan 9, 2013",14,16,17,18,21,29,2
"Sat, Jan 5, 2013",8,9,10,14,15,27,42
"Wed, Jan 2, 2013",5,10,19,24,32,39,40
"Sat, Dec 29, 2012",1,3,8,17,20,22,29
"Wed, Dec 26, 2012",6,17,27,41,46,48,29
"Sat, Dec 22, 2012",4,15,24,34,40,47,2
"Wed, Dec 19, 2012",14,33,34,42,47,48,5
"Sat, Dec 15, 2012",2,17,32,39,47,49,48
"Wed, Dec 12, 2012",3,7,16,19,28,43,20
"Sat, Dec 8, 2012",2,11,14,19,43,47,45
"Wed, Dec 5, 2012",5,8,14,30,32,40,11
"Sat, Dec 1, 2012",6,11,16,30,33,35,39
"Wed, Nov 28, 2012",2,10,28,29,35,43,41
"Sat, Nov 24, 2012",7,11,13,21,22,24,17
"Wed, Nov 21, 2012",18,21,28,30,35,39,19
"Sat, Nov 17, 2012",3,4,8,21,33,34,22
"Wed, Nov 14, 2012",1,13,28,31,40,49,37
"Sat, Nov 10, 2012",19,29,33,35,39,45,34
"Wed, Nov 7, 2012",3,8,17,18,37,44,12
"Sat, Nov 3, 2012",7,8,20,28,41,42,14
"Wed, Oct 31, 2012",3,5,13,14,25,27,19
"Sat, Oct 27, 2012",1,3,6,7,10,38,19
"Wed, Oct 24, 2012",7,16,20,24,33,41,29
"Sat, Oct 20, 2012",1,2,22,31,40,44,17
"Wed, Oct 17, 2012",6,14,20,26,30,42,44
"Sat, Oct 13, 2012",10,11,16,18,24,37,19
"Wed, Oct 10, 2012",8,13,14,25,35,37,20
"Sat, Oct 6, 2012",7,13,21,27,36,39,24
"Wed, Oct 3, 2012",8,12,25,33,35,36,30
"Sat, Sep 29, 2012",7,24,34,35,39,46,44
"Wed, Sep 26, 2012",1,6,17,20,23,29,47
"Sat, Sep 22, 2012",1,4,5,13,18,43,22
"Wed, Sep 19, 2012",1,12,35,46,47,49,13
"Sat, Sep 15, 2012",12,15,24,33,40,47,30
"Wed, Sep 12, 2012",15,18,27,28,29,46,13
"Sat, Sep 8, 2012",5,12,17,29,39,42,27
"Wed, Sep 5, 2012",4,6,7,16,35,49,26
"Sat, Sep 1, 2012",9,17,24,26,35,41,11
"Wed, Aug 29, 2012",3,12,15,24,36,43,21
"Sat, Aug 25, 2012",2,5,12,13,22,35,33
"Wed, Aug 22, 2012",19,22,29,35,48,49,36
"Sat, Aug 18, 2012",2,23,30,44,46,47,28
"Wed, Aug 15, 2012",1,5,15,16,18,20,12
"Sat, Aug 11, 2012",2,11,12,22,27,37,9
"Wed, Aug 8, 2012",16,18,22,24,30,40,48
"Sat, Aug 4, 2012",5,17,18,24,28,42,2
"Wed, Aug 1, 2012",6,11,12,22,44,48,37
"Sat, Jul 28, 2012",6,26,29,33,35,38,39
"Wed, Jul 25, 2012",20,24,30,40,41,44,21
"Sat, Jul 21, 2012",5,7,30,31,32,48,13
"Wed, Jul 18, 2012",2,7,12,25,30,39,13
"Sat, Jul 14, 2012",12,20,22,27,40,44,7
"Wed, Jul 11, 2012",4,8,21,31,33,48,7
"Sat, Jul 7, 2012",6,11,26,28,29,43,35
"Wed, Jul 4, 2012",7,10,16,21,31,48,38
"Sat, Jun 30, 2012",5,8,15,17,25,44,7
"Wed, Jun 27, 2012",15,24,27,39,46,49,18
"Sat, Jun 23, 2012",11,16,23,24,36,48,45
"Wed, Jun 20, 2012",24,25,27,28,29,46,1
"Sat, Jun 16, 2012",8,17,19,21,39,44,31
"Wed, Jun 13, 2012",9,14,16,20,41,43,13
"Sat, Jun 9, 2012",9,11,15,26,40,48,17
"Wed, Jun 6, 2012",6,17,24,32,34,49,26
"Sat, Jun 2, 2012",4,10,31,33,36,37,29
"Wed, May 30, 2012",3,20,22,34,38,46,12
"Sat, May 26, 2012",2,13,24,34,40,47,6
"Wed, May 23, 2012",3,6,11,16,29,42,31
"Sat, May 19, 2012",8,14,16,18,40,41,11
"Wed, May 16, 2012",6,12,32,37,39,43,34
"Sat, May 12, 2012",5,24,29,33,40,47,14
"Wed, May 9, 2012",18,22,35,39,41,43,26
"Sat, May 5, 2012",3,13,17,27,28,48,1
"Wed, May 2, 2012",9,25,28,35,41,46,20
"Sat, Apr 28, 2012",14,26,32,42,44,48,20
"Wed, Apr 25, 2012",6,28,40,43,45,47,3
"Sat, Apr 21, 2012",6,8,9,22,25,40,11
"Wed, Apr 18, 2012",1,3,4,12,13,23,11
"Sat, Apr 14, 2012",4,5,17,27,43,49,13
"Wed, Apr 11, 2012",9,15,27,32,36,44,8
"Sat, Apr 7, 2012",9,13,31,34,42,43,27
"Wed, Apr 4, 2012",7,9,12,19,35,46,10
"Sat, Mar 31, 2012",2,19,22,30,32,48,18
"Wed, Mar 28, 2012",4,6,8,10,35,40,3
"Sat, Mar 24, 2012",2,15,16,17,18,47,4
"Wed, Mar 21, 2012",14,15,21,35,47,48,20
"Sat, Mar 17, 2012",13,14,18,43,47,48,32
"Wed, Mar 14, 2012",2,17,24,26,28,40,13
"Sat, Mar 10, 2012",7,15,35,39,40,44,10
"Wed, Mar 7, 2012",14,21,27,29,44,47,26
"Sat, Mar 3, 2012",9,15,20,29,33,41,3
"Wed, Feb 29, 2012",6,12,13,24,34,35,37
"Sat, Feb 25, 2012",3,10,15,23,33,38,41
"Wed, Feb 22, 2012",6,19,32,38,39,46,41
"Sat, Feb 18, 2012",2,28,29,30,32,40,14
"Wed, Feb 15, 2012",11,13,17,21,31,38,8
"Sat, Feb 11, 2012",4,8,19,38,43,45,32
"Wed, Feb 8, 2012",1,4,12,15,42,44,21
"Sat, Feb 4, 2012",9,24,34,37,44,46,4
"Wed, Feb 1, 2012",9,11,12,20,31,34,13
"Sat, Jan 28, 2012",4,5,8,13,25,39,28
"Wed, Jan 25, 2012",5,10,17,23,37,45,15
"Sat, Jan 21, 2012",5,6,25,34,36,39,33
"Wed, Jan 18, 2012",21,24,31,33,40,45,4
"Sat, Jan 14, 2012",2,6,9,30,37,40,19
"Wed, Jan 11, 2012",3,4,10,14,32,33,25
"Sat, Jan 7, 2012",5,7,11,20,27,36,49
"Wed, Jan 4, 2012",45,36,33,30,3,46,26
"Sat, Dec 31, 2011",24,2,7,49,18,13,28
"Wed, Dec 28, 2011",21,19,7,8,6,5,48
"Sat, Dec 24, 2011",39,29,42,25,26,37,12
"Wed, Dec 21, 2011",48,15,22,36,20,29,37
"Sat, Dec 17, 2011",35,31,26,25,47,29,22
"Wed, Dec 14, 2011",36,37,38,4,19,48,15
"Sat, Dec 10, 2011",32,28,44,22,47,46,33
"Wed, Dec 7, 2011",21,20,8,44,4,39,36
"Sat, Dec 3, 2011",31,29,39,6,34,21,3
"Wed, Nov 30, 2011",3,35,25,44,48,29,17
"Sat, Nov 26, 2011",6,23,7,11,45,2,27
"Wed, Nov 23, 2011",8,27,19,33,39,47,46
"Sat, Nov 19, 2011",30,40,1,43,44,24,13
"Wed, Nov 16, 2011",11,7,28,43,35,44,46
"Sat, Nov 12, 2011",2,46,14,33,41,8,4
"Wed, Nov 9, 2011",14,17,13,1,29,41,24
"Sat, Nov 5, 2011",5,40,16,36,39,33,41
"Wed, Nov 2, 2011",11,10,20,12,39,34,36
"Sat, Oct 29, 2011",14,11,3,34,5,13,42
"Wed, Oct 26, 2011",41,29,6,22,27,18,3
"Sat, Oct 22, 2011",27,15,6,33,10,39,36
"Wed, Oct 19, 2011",20,45,2,11,39,44,33
"Sat, Oct 15, 2011",35,23,41,29,22,26,43
"Wed, Oct 12, 2011",2,8,9,47,19,25,13
"Sat, Oct 8, 2011",43,25,38,24,11,12,36
"Wed, Oct 5, 2011",21,15,38,5,29,47,37
"Sat, Oct 1, 2011",11,25,20,16,13,15,29
"Wed, Sep 28, 2011",21,48,6,38,41,16,44
"Sat, Sep 24, 2011",10,22,9,32,28,49,48
"Wed, Sep 21, 2011",36,26,27,10,30,19,15
"Sat, Sep 17, 2011",16,29,5,4,2,8,23
"Wed, Sep 14, 2011",44,12,15,8,47,46,35
"Sat, Sep 10, 2011",2,5,26,24,31,13,12
"Wed, Sep 7, 2011",7,47,23,43,15,24,31
"Sat, Sep 3, 2011",12,2,8,31,49,47,5
"Wed, Aug 31, 2011",38,20,32,44,25,16,21
"Sat, Aug 27, 2011",13,16,32,45,36,44,10
"Wed, Aug 24, 2011",45,3,31,21,42,18,25
"Sat, Aug 20, 2011",3,28,41,42,26,45,46
"Wed, Aug 17, 2011",20,49,21,2,1,42,5
"Sat, Aug 13, 2011",22,28,20,33,23,11,47
"Wed, Aug 10, 2011",21,47,39,20,49,34,41
"Sat, Aug 6, 2011",35,9,18,13,23,39,38
"Wed, Aug 3, 2011",7,11,44,3,28,43,21
"Sat, Jul 30, 2011",13,33,48,4,23,39,10
"Wed, Jul 27, 2011",33,44,41,21,20,40,5
"Sat, Jul 23, 2011",49,31,27,23,2,20,12
"Wed, Jul 20, 2011",39,36,33,28,38,12,44
"Sat, Jul 16, 2011",48,43,45,7,4,17,5
"Wed, Jul 13, 2011",1,8,47,39,17,7,38
"Sat, Jul 9, 2011",6,20,12,17,43,18,24
"Wed, Jul 6, 2011",10,40,27,30,6,25,23
"Sat, Jul 2, 2011",44,21,49,9,27,25,13
"Wed, Jun 29, 2011",24,38,47,39,33,45,18
"Sat, Jun 25, 2011",43,9,32,22,19,18,27
"Wed, Jun 22, 2011",7,20,29,39,25,17,40
"Sat, Jun 18, 2011",16,14,23,34,5,29,10
"Wed, Jun 15, 2011",5,9,15,25,4,10,33
"Sat, Jun 11, 2011",20,28,45,27,34,38,21
"Wed, Jun 8, 2011",23,25,41,15,18,7,5
"Sat, Jun 4, 2011",40,7,41,18,21,13,46
"Wed, Jun 1, 2011",48,44,21,35,36,41,2
"Sat, May 28, 2011",22,41,4,10,40,14,36
"Wed, May 25, 2011",6,25,39,49,48,23,14
"Sat, May 21, 2011",29,12,5,17,30,24,6
"Wed, May 18, 2011",23,44,22,47,12,39,7
"Sat, May 14, 2011",22,5,29,2,34,46,33
"Wed, May 11, 2011",18,12,46,14,15,8,19
"Sat, May 7, 2011",2,42,22,17,47,25,37
"Wed, May 4, 2011",46,39,48,37,20,28,16
"Sat, Apr 30, 2011",27,35,34,39,3,36,10
"Wed, Apr 27, 2011",13,21,14,31,7,10,39
"Sat, Apr 23, 2011",18,32,5,2,10,25,3
"Wed, Apr 20, 2011",3,21,42,13,49,6,19
"Sat, Apr 16, 2011",24,34,10,19,48,38,16
"Wed, Apr 13, 2011",18,20,35,15,16,21,25
"Sat, Apr 9, 2011",36,39,42,47,12,38,24
"Wed, Apr 6, 2011",4,16,22,21,34,12,41
"Sat, Apr 2, 2011",28,1,2,20,9,17,44
"Wed, Mar 30, 2011",46,45,17,5,41,8,15
"Sat, Mar 26, 2011",49,14,26,3,17,37,42
"Wed, Mar 23, 2011",13,18,7,24,43,3,46
"Sat, Mar 19, 2011",14,3,37,40,10,35,25
"Wed, Mar 16, 2011",48,32,26,4,5,30,44
"Sat, Mar 12, 2011",31,35,29,48,41,15,6
"Wed, Mar 9, 2011",8,1,31,46,12,21,47
"Sat, Mar 5, 2011",14,15,23,47,24,13,32
"Wed, Mar 2, 2011",39,10,47,22,46,2,5
"Sat, Feb 26, 2011",27,24,10,49,19,38,47
"Wed, Feb 23, 2011",34,11,29,31,6,21,42
"Sat, Feb 19, 2011",17,26,19,48,16,25,46
"Wed, Feb 16, 2011",20,46,44,35,3,29,18
"Sat, Feb 12, 2011",35,12,25,47,46,8,39
"Wed, Feb 9, 2011",1,9,20,26,22,23,21
"Sat, Feb 5, 2011",8,27,9,17,13,19,10
"Wed, Feb 2, 2011",49,13,32,2,6,5,18
"Sat, Jan 29, 2011",32,7,38,31,16,6,8
"Wed, Jan 26, 2011",22,37,35,26,31,40,16
"Sat, Jan 22, 2011",2,10,8,33,29,46,13
"Wed, Jan 19, 2011",33,5,7,15,29,23,43
"Sat, Jan 15, 2011",20,30,34,1,46,3,2
"Wed, Jan 12, 2011",42,33,34,28,5,13,43
"Sat, Jan 8, 2011",39,26,40,44,12,10,3
"Wed, Jan 5, 2011",1,8,4,20,12,33,19
"Sat, Jan 1, 2011",22,30,48,41,31,24,7
"Wed, Dec 29, 2010",48,31,41,39,33,42,24
"Wed, Dec 22, 2010",14,32,27,9,11,2,38
"Sat, Dec 18, 2010",30,8,31,48,42,6,45
"Wed, Dec 15, 2010",37,32,13,28,49,6,8
"Sat, Dec 11, 2010",2,37,30,11,16,3,46
"Wed, Dec 8, 2010",6,49,38,19,24,26,32
"Sat, Dec 4, 2010",6,30,27,10,17,32,7
"Wed, Dec 1, 2010",1,8,15,42,24,40,33
"Sat, Nov 27, 2010",28,23,1,27,31,9,22
"Wed, Nov 24, 2010",14,48,8,33,10,45,34
"Sat, Nov 20, 2010",34,37,38,17,39,7,36
"Wed, Nov 17, 2010",46,41,35,33,22,18,31
"Sat, Nov 13, 2010",23,15,42,46,40,26,14
"Wed, Nov 10, 2010",25,19,40,28,12,26,38
"Sat, Nov 6, 2010",20,45,21,41,34,13,1
"Wed, Nov 3, 2010",27,12,16,44,17,19,5
"Sat, Oct 30, 2010",39,17,30,5,29,12,26
"Wed, Oct 27, 2010",23,1,19,13,8,33,24
"Sat, Oct 23, 2010",8,17,19,20,12,36,39
"Wed, Oct 20, 2010",6,19,29,46,44,18,32
"Sat, Oct 16, 2010",4,21,25,22,47,37,13
"Wed, Oct 13, 2010",13,38,17,20,12,4,8
"Sat, Oct 9, 2010",11,32,47,37,19,6,34
"Wed, Oct 6, 2010",17,1,13,47,20,10,24
"Sat, Oct 2, 2010",19,37,2,33,23,1,16
"Wed, Sep 29, 2010",1,30,14,49,3,4,29
"Sat, Sep 25, 2010",1,16,5,13,24,22,37
"Wed, Sep 22, 2010",38,7,33,21,2,22,11
"Sat, Sep 18, 2010",13,45,27,25,18,43,36
"Wed, Sep 15, 2010",24,27,46,26,38,14,25
"Sat, Sep 11, 2010",32,20,38,13,36,31,19
"Wed, Sep 8, 2010",13,12,15,9,18,47,21
"Sat, Sep 4, 2010",34,23,48,31,15,21,44
"Wed, Sep 1, 2010",39,41,46,13,43,37,28
"Sat, Aug 28, 2010",12,37,34,33,44,8,38
"Wed, Aug 25, 2010",22,40,45,4,6,1,39
"Sat, Aug 21, 2010",13,29,26,10,14,31,24
"Wed, Aug 18, 2010",27,36,43,24,40,22,15
"Sat, Aug 14, 2010",26,5,46,6,16,49,2
"Wed, Aug 11, 2010",1,39,14,26,20,46,7
"Sat, Aug 7, 2010",9,10,47,18,49,46,15
"Wed, Aug 4, 2010",39,2,42,15,21,11,40
"Sat, Jul 31, 2010",14,49,8,28,20,22,17
"Wed, Jul 28, 2010",5,14,11,19,49,3,23
"Sat, Jul 24, 2010",38,44,17,41,33,46,3
"Wed, Jul 21, 2010",24,10,41,26,13,46,5
"Sat, Jul 17, 2010",15,38,13,5,10,26,31
"Wed, Jul 14, 2010",6,27,32,49,21,37,18
"Sat, Jul 10, 2010",2,19,31,4,49,27,26
"Wed, Jul 7, 2010",24,8,45,32,6,47,21
"Sat, Jul 3, 2010",38,49,18,39,45,1,26
"Wed, Jun 30, 2010",39,23,47,35,6,2,26
"Sat, Jun 26, 2010",5,32,38,18,24,16,49
"Wed, Jun 23, 2010",43,38,34,37,23,9,11
"Sat, Jun 19, 2010",49,45,23,27,7,21,47
"Wed, Jun 16, 2010",44,43,30,2,27,49,41
"Sat, Jun 12, 2010",45,23,8,25,10,12,46
"Wed, Jun 9, 2010",4,49,23,17,26,30,9
"Sat, Jun 5, 2010",9,38,47,16,26,23,7
"Wed, Jun 2, 2010",11,6,1,45,37,16,5
"Sat, May 29, 2010",19,6,3,21,4,42,32
"Wed, May 26, 2010",40,42,44,39,11,18,28
"Sat, May 22, 2010",36,14,3,9,5,20,43
"Wed, May 19, 2010",34,30,32,20,26,41,25
"Sat, May 15, 2010",7,44,34,45,21,6,31
"Wed, May 12, 2010",46,18,42,43,33,21,49
"Sat, May 8, 2010",44,12,20,27,22,38,13
"Wed, May 5, 2010",11,21,8,18,7,14,41
"Sat, May 1, 2010",26,44,9,13,42,4,22
"Wed, Apr 28, 2010",20,42,10,48,41,16,25
"Sat, Apr 24, 2010",39,4,16,13,1,3,48
"Wed, Apr 21, 2010",46,16,18,10,17,9,41
"Sat, Apr 17, 2010",31,8,22,25,16,9,29
"Wed, Apr 14, 2010",10,12,39,1,49,19,26
"Sat, Apr 10, 2010",45,4,2,15,27,6,40
"Wed, Apr 7, 2010",18,24,45,16,41,19,48
"Sat, Apr 3, 2010",42,26,47,40,19,32,20
"Wed, Mar 31, 2010",41,33,3,24,9,18,5
"Sat, Mar 27, 2010",44,45,47,17,15,42,30
"Wed, Mar 24, 2010",16,11,6,46,2,45,40
"Sat, Mar 20, 2010",12,6,38,28,43,20,23
"Wed, Mar 17, 2010",49,33,34,24,48,43,29
"Sat, Mar 13, 2010",21,43,19,40,4,5,7
"Wed, Mar 10, 2010",8,48,11,14,23,18,44
"Sat, Mar 6, 2010",43,35,26,38,30,45,5
"Wed, Mar 3, 2010",9,10,26,25,14,22,24
"Sat, Feb 27, 2010",9,41,44,21,4,13,38
"Wed, Feb 24, 2010",45,7,44,32,36,46,16
"Sat, Feb 20, 2010",17,35,8,34,7,18,31
"Wed, Feb 17, 2010",27,7,12,10,25,3,5
"Sat, Feb 13, 2010",42,40,20,17,30,18,36
"Wed, Feb 10, 2010",47,45,18,19,12,22,41
"Sat, Feb 6, 2010",29,31,6,37,48,16,3
"Wed, Feb 3, 2010",1,10,49,29,31,33,26
"Sat, Jan 30, 2010",24,11,17,47,43,42,5
"Wed, Jan 27, 2010",24,33,47,10,29,44,11
"Sat, Jan 23, 2010",43,6,11,21,41,10,49
"Wed, Jan 20, 2010",7,12,49,11,16,4,45
"Sat, Jan 16, 2010",16,24,44,48,27,38,28
"Wed, Jan 13, 2010",27,23,45,38,4,26,2
"Sat, Jan 9, 2010",24,41,45,18,4,29,19
"Wed, Jan 6, 2010",26,38,3,25,33,29,13
"Sat, Jan 2, 2010",38,31,14,21,37,28,16
"Wed, Dec 30, 2009",19,15,4,40,45,24,49
"Sat, Dec 26, 2009",44,22,31,19,14,17,32
"Wed, Dec 23, 2009",4,25,2,18,8,43,49
"Sat, Dec 19, 2009",40,24,13,38,21,6,28
"Wed, Dec 16, 2009",43,26,16,45,1,32,7
"Sat, Dec 12, 2009",24,25,35,1,18,37,36
"Wed, Dec 9, 2009",42,45,48,40,28,25,27
"Sat, Dec 5, 2009",16,5,27,22,13,46,15
"Wed, Dec 2, 2009",49,26,3,45,18,22,48
"Sat, Nov 28, 2009",28,30,46,12,40,39,43
"Wed, Nov 25, 2009",26,39,27,36,9,8,12
"Sat, Nov 21, 2009",19,44,34,22,49,21,47
"Wed, Nov 18, 2009",45,11,41,15,22,42,10
"Sat, Nov 14, 2009",3,19,29,35,11,36,27
"Wed, Nov 11, 2009",19,15,25,26,7,22,4
"Sat, Nov 7, 2009",31,42,18,24,35,25,38
"Wed, Nov 4, 2009",39,30,6,7,47,31,49
"Sat, Oct 31, 2009",46,9,13,11,20,44,16
"Wed, Oct 28, 2009",8,19,23,15,39,49,40
"Sat, Oct 24, 2009",33,21,7,16,42,24,27
"Wed, Oct 21, 2009",24,34,46,13,5,18,42
"Sat, Oct 17, 2009",43,31,18,8,32,3,22
"Wed, Oct 14, 2009",42,9,22,11,36,15,28
"Sat, Oct 10, 2009",28,16,3,11,44,38,48
"Wed, Oct 7, 2009",45,34,30,33,44,41,18
"Sat, Oct 3, 2009",9,18,33,26,35,12,34
"Wed, Sep 30, 2009",33,10,48,23,21,9,6
"Sat, Sep 26, 2009",49,41,26,11,23,16,20
"Wed, Sep 23, 2009",7,33,4,9,21,12,41
"Sat, Sep 19, 2009",42,37,14,25,21,39,7
"Wed, Sep 16, 2009",39,2,16,35,23,26,38
"Sat, Sep 12, 2009",5,2,37,45,19,17,30
"Wed, Sep 9, 2009",46,48,42,9,30,20,13
"Sat, Sep 5, 2009",45,28,24,22,48,2,4
"Wed, Sep 2, 2009",7,42,10,49,6,47,39
"Sat, Aug 29, 2009",37,6,15,19,30,33,17
"Wed, Aug 26, 2009",26,35,7,32,11,24,23
"Sat, Aug 22, 2009",23,24,43,45,15,47,12
"Wed, Aug 19, 2009",21,22,18,46,43,47,44
"Sat, Aug 15, 2009",25,32,3,40,13,24,41
"Wed, Aug 12, 2009",44,2,16,14,41,22,6
"Sat, Aug 8, 2009",10,40,48,26,16,46,37
"Wed, Aug 5, 2009",15,44,48,5,43,27,24
"Sat, Aug 1, 2009",30,19,39,13,46,34,37
"Wed, Jul 29, 2009",40,36,45,19,8,24,29
"Sat, Jul 25, 2009",36,14,37,34,29,44,32
"Wed, Jul 22, 2009",21,23,9,16,25,45,26
"Sat, Jul 18, 2009",43,5,2,21,47,35,39
"Wed, Jul 15, 2009",9,7,35,14,37,42,48
"Sat, Jul 11, 2009",18,43,48,30,41,15,10
"Wed, Jul 8, 2009",37,7,10,39,30,21,8
"Sat, Jul 4, 2009",18,38,9,17,1,22,20
"Wed, Jul 1, 2009",30,17,4,16,11,40,26
"Sat, Jun 27, 2009",3,33,40,2,36,5,42
"Wed, Jun 24, 2009",38,9,35,36,24,4,16
"Sat, Jun 20, 2009",6,45,21,19,32,30,15
"Wed, Jun 17, 2009",43,30,14,45,42,12,17
"Sat, Jun 13, 2009",44,30,29,42,49,35,24
"Wed, Jun 10, 2009",42,25,49,8,44,9,16
"Sat, Jun 6, 2009",15,33,22,18,35,5,47
"Wed, Jun 3, 2009",48,44,30,9,39,46,20
"Sat, May 30, 2009",41,2,43,14,1,9,24
"Wed, May 27, 2009",38,15,3,20,21,43,45
"Sat, May 23, 2009",13,23,40,46,41,42,31
"Wed, May 20, 2009",48,12,36,28,8,41,47
"Sat, May 16, 2009",19,7,29,42,38,17,9
"Wed, May 13, 2009",40,31,14,33,19,3,7
"Sat, May 9, 2009",42,38,19,34,8,7,28
"Wed, May 6, 2009",7,13,42,6,11,23,4
"Sat, May 2, 2009",31,14,17,41,39,48,44
"Wed, Apr 29, 2009",47,39,3,2,34,28,10
"Sat, Apr 25, 2009",20,39,24,43,25,44,28
"Wed, Apr 22, 2009",32,16,44,17,1,43,6
"Sat, Apr 18, 2009",43,29,8,25,26,33,14
"Wed, Apr 15, 2009",17,28,31,5,45,43,3
"Sat, Apr 11, 2009",1,35,37,16,42,14,13
"Wed, Apr 8, 2009",39,19,35,40,7,22,29
"Sat, Apr 4, 2009",17,29,8,39,1,10,12
"Wed, Apr 1, 2009",4,25,21,17,30,2,1
"Sat, Mar 28, 2009",37,12,19,20,18,31,4
"Wed, Mar 25, 2009",15,14,7,20,22,47,46
"Sat, Mar 21, 2009",47,27,9,41,45,5,20
"Wed, Mar 18, 2009",12,37,17,16,41,49,20
"Sat, Mar 14, 2009",10,4,17,37,28,6,15
"Wed, Mar 11, 2009",16,7,19,32,41,44,24
"Sat, Mar 7, 2009",29,3,17,12,21,7,18
"Wed, Mar 4, 2009",34,44,35,32,10,30,25
"Sat, Feb 28, 2009",40,29,31,47,8,37,22
"Wed, Feb 25, 2009",14,15,4,18,1,29,27
"Sat, Feb 21, 2009",35,19,3,38,10,41,42
"Wed, Feb 18, 2009",36,47,29,15,28,41,8
"Sat, Feb 14, 2009",35,12,7,26,49,32,20
"Wed, Feb 11, 2009",25,26,34,7,46,17,43
"Sat, Feb 7, 2009",3,37,28,17,13,49,30
"Wed, Feb 4, 2009",23,40,2,34,4,19,43
"Sat, Jan 31, 2009",23,49,17,41,12,43,20
"Wed, Jan 28, 2009",39,33,9,13,17,44,3
"Sat, Jan 24, 2009",34,47,32,17,20,11,2
"Wed, Jan 21, 2009",39,34,10,11,37,19,21
"Sat, Jan 17, 2009",40,22,34,17,36,43,25
"Wed, Jan 14, 2009",9,24,23,11,8,12,19
"Sat, Jan 10, 2009",3,22,29,47,24,39,27
"Wed, Jan 7, 2009",7,29,40,23,27,35,10
"Sat, Jan 3, 2009",9,48,25,7,2,5,42
"Wed, Dec 31, 2008",46,11,8,10,15,37,40
"Sat, Dec 27, 2008",14,41,21,18,29,32,17
"Wed, Dec 24, 2008",48,8,32,6,36,23,24
"Sat, Dec 20, 2008",41,16,26,47,39,36,14
"Wed, Dec 17, 2008",17,26,28,32,11,20,9
"Sat, Dec 13, 2008",3,4,30,12,49,48,32
"Wed, Dec 10, 2008",41,30,21,19,46,35,26
"Sat, Dec 6, 2008",16,19,37,27,46,11,14
"Wed, Dec 3, 2008",4,29,26,8,41,5,42
"Sat, Nov 29, 2008",38,29,1,5,6,49,35
"Wed, Nov 26, 2008",24,2,22,49,29,48,28
"Sat, Nov 22, 2008",38,14,47,16,19,6,26
"Wed, Nov 19, 2008",24,16,29,45,46,11,3
"Sat, Nov 15, 2008",47,9,12,1,33,46,6
"Wed, Nov 12, 2008",7,15,47,20,13,3,1
"Sat, Nov 8, 2008",2,42,39,30,41,28,6
"Wed, Nov 5, 2008",14,38,45,35,17,39,26
"Sat, Nov 1, 2008",39,1,49,5,31,36,40
"Wed, Oct 29, 2008",25,13,22,27,35,14,16
"Sat, Oct 25, 2008",16,3,30,45,38,24,14
"Wed, Oct 22, 2008",19,12,10,44,29,5,7
"Sat, Oct 18, 2008",24,6,32,44,8,22,27
"Wed, Oct 15, 2008",31,47,26,43,49,34,39
"Sat, Oct 11, 2008",44,42,19,40,16,6,9
"Wed, Oct 8, 2008",29,39,6,1,2,18,25
"Sat, Oct 4, 2008",26,43,8,20,10,9,45
"Wed, Oct 1, 2008",20,29,49,33,25,32,48
"Sat, Sep 27, 2008",46,35,34,17,43,44,48
"Wed, Sep 24, 2008",27,14,2,47,49,22,41
"Sat, Sep 20, 2008",29,38,2,35,36,37,30
"Wed, Sep 17, 2008",26,21,38,31,30,33,14
"Sat, Sep 13, 2008",21,26,2,30,23,45,16
"Wed, Sep 10, 2008",13,44,28,2,25,38,40
"Sat, Sep 6, 2008",38,42,10,2,27,24,44
"Wed, Sep 3, 2008",35,27,40,17,11,32,19
"Sat, Aug 30, 2008",14,2,33,34,29,26,13
"Wed, Aug 27, 2008",40,33,27,7,31,3,30
"Sat, Aug 23, 2008",18,20,41,19,38,28,46
"Wed, Aug 20, 2008",46,11,7,27,13,30,39
"Sat, Aug 16, 2008",9,43,24,3,28,13,2
"Wed, Aug 13, 2008",15,26,18,43,33,36,10
"Sat, Aug 9, 2008",13,39,19,46,40,43,37
"Wed, Aug 6, 2008",37,7,8,36,10,16,34
"Sat, Aug 2, 2008",5,42,13,12,48,16,3
"Wed, Jul 30, 2008",17,6,23,18,28,30,32
"Sat, Jul 26, 2008",2,46,11,48,35,10,19
"Wed, Jul 23, 2008",22,2,30,40,12,13,46
"Sat, Jul 19, 2008",3,34,15,33,47,39,46
"Wed, Jul 16, 2008",3,14,35,5,48,37,49
"Sat, Jul 12, 2008",3,46,49,6,31,42,41
"Wed, Jul 9, 2008",25,2,28,17,29,38,48
"Sat, Jul 5, 2008",31,44,5,19,37,23,48
"Wed, Jul 2, 2008",14,33,40,6,31,11,41
"Sat, Jun 28, 2008",30,40,5,35,3,18,19
"Wed, Jun 25, 2008",12,48,17,20,33,22,26
"Sat, Jun 21, 2008",17,27,12,5,30,48,19
"Wed, Jun 18, 2008",35,25,13,20,23,19,32
"Sat, Jun 14, 2008",21,43,5,33,32,3,20
"Wed, Jun 11, 2008",24,11,40,19,13,20,3
"Sat, Jun 7, 2008",29,6,8,34,46,14,17
"Wed, Jun 4, 2008",44,31,9,32,34,24,22
"Sat, May 31, 2008",2,3,29,43,48,31,33
"Wed, May 28, 2008",1,25,32,35,48,30,29
"Sat, May 24, 2008",22,2,38,11,28,26,35
"Wed, May 21, 2008",15,34,44,28,29,20,38
"Sat, May 17, 2008",49,47,14,16,1,9,13
"Wed, May 14, 2008",17,34,38,13,26,14,19
"Sat, May 10, 2008",8,5,7,9,10,30,48
"Wed, May 7, 2008",2,48,7,22,33,3,6
"Sat, May 3, 2008",16,39,25,33,7,10,1
"Wed, Apr 30, 2008",35,31,25,48,11,19,39
"Sat, Apr 26, 2008",49,21,45,25,15,20,43
"Wed, Apr 23, 2008",22,24,11,47,48,32,26
"Sat, Apr 19, 2008",4,24,39,17,27,29,45
"Wed, Apr 16, 2008",21,25,13,24,32,15,12
"Sat, Apr 12, 2008",7,15,12,2,14,35,45
"Wed, Apr 9, 2008",3,9,47,21,48,46,22
"Sat, Apr 5, 2008",7,47,10,2,6,41,16
"Wed, Apr 2, 2008",4,3,27,22,16,19,44
"Sat, Mar 29, 2008",12,25,48,6,17,33,45
"Wed, Mar 26, 2008",40,16,43,29,41,21,49
"Sat, Mar 22, 2008",21,17,14,31,23,1,37
"Wed, Mar 19, 2008",41,42,25,32,11,22,16
"Sat, Mar 15, 2008",9,31,45,13,35,41,27
"Wed, Mar 12, 2008",40,43,9,35,17,16,48
"Sat, Mar 8, 2008",11,16,18,29,45,1,36
"Wed, Mar 5, 2008",7,49,25,12,2,19,18
"Sat, Mar 1, 2008",17,2,42,24,43,39,23
"Wed, Feb 27, 2008",26,30,37,14,20,41,3
"Sat, Feb 23, 2008",14,5,21,13,33,48,39
"Wed, Feb 20, 2008",41,29,14,36,6,44,15
"Sat, Feb 16, 2008",41,7,48,8,19,45,32
"Wed, Feb 13, 2008",26,30,36,8,34,43,11
"Sat, Feb 9, 2008",23,2,11,44,49,33,31
"Wed, Feb 6, 2008",6,46,23,15,35,34,37
"Sat, Feb 2, 2008",11,48,9,24,23,5,38
"Wed, Jan 30, 2008",19,45,18,44,48,27,2
"Sat, Jan 26, 2008",8,42,5,34,46,49,32
"Wed, Jan 23, 2008",37,23,7,17,33,4,10
"Sat, Jan 19, 2008",37,19,27,46,15,33,26
"Wed, Jan 16, 2008",34,3,33,49,38,41,27
"Sat, Jan 12, 2008",17,18,27,12,6,49,36
"Wed, Jan 9, 2008",40,12,46,37,8,23,30
"Sat, Jan 5, 2008",10,1,11,30,12,20,15
"Wed, Jan 2, 2008",33,1,37,4,32,13,16
"Sat, Dec 29, 2007",40,27,2,37,12,5,39
"Wed, Dec 26, 2007",32,7,17,36,29,42,4
"Sat, Dec 22, 2007",38,33,9,1,19,2,46
"Wed, Dec 19, 2007",44,26,47,17,9,4,15
"Sat, Dec 15, 2007",27,25,30,19,14,48,22
"Wed, Dec 12, 2007",21,31,38,2,1,33,23
"Sat, Dec 8, 2007",23,2,42,25,21,33,3
"Wed, Dec 5, 2007",37,20,23,34,3,32,49
"Sat, Dec 1, 2007",49,12,3,4,44,19,48
"Wed, Nov 28, 2007",34,24,12,44,17,46,32
"Sat, Nov 24, 2007",15,31,19,20,40,27,10
"Wed, Nov 21, 2007",15,8,4,41,44,17,16
"Sat, Nov 17, 2007",45,11,48,41,39,24,30
"Wed, Nov 14, 2007",8,35,19,17,23,33,16
"Sat, Nov 10, 2007",29,35,33,36,2,1,8
"Wed, Nov 7, 2007",48,46,32,26,23,12,20
"Sat, Nov 3, 2007",26,44,33,43,23,45,39
"Wed, Oct 31, 2007",47,43,40,15,44,35,42
"Sat, Oct 27, 2007",43,17,32,3,47,21,5
"Wed, Oct 24, 2007",46,41,36,42,29,49,8
"Sat, Oct 20, 2007",36,35,30,41,21,12,23
"Wed, Oct 17, 2007",27,42,46,6,49,28,48
"Sat, Oct 13, 2007",34,48,40,4,12,41,38
"Sat, Mar 31, 2007",14,22,4,34,30,37,42
"Wed, Mar 28, 2007",14,16,1,42,30,36,12
"Sat, Mar 24, 2007",49,7,5,48,18,4,30
"Wed, Mar 21, 2007",4,43,37,31,7,2,10
"Sat, Mar 17, 2007",3,8,48,28,31,15,4
"Wed, Mar 14, 2007",49,11,16,6,29,27,19
"Sat, Mar 10, 2007",12,43,10,44,26,2,48
"Wed, Mar 7, 2007",23,6,12,48,45,44,47
"Sat, Mar 3, 2007",29,34,24,44,4,19,22
"Wed, Feb 28, 2007",32,45,35,27,43,30,26
"Sat, Feb 24, 2007",34,7,37,41,9,49,13
"Wed, Feb 21, 2007",45,47,11,18,29,44,37
"Sat, Feb 17, 2007",44,42,41,2,34,6,35
"Wed, Feb 14, 2007",15,43,34,38,47,35,2
"Sat, Feb 10, 2007",47,4,22,35,29,34,40
"Wed, Feb 7, 2007",18,6,34,41,13,23,44
"Sat, Feb 3, 2007",17,47,20,33,3,34,45
"Wed, Jan 31, 2007",12,17,47,5,15,45,8
"Sat, Jan 27, 2007",28,41,25,3,14,11,39
"Wed, Jan 24, 2007",1,49,27,42,11,37,38
"Sat, Jan 20, 2007",11,9,5,17,22,7,48
"Wed, Jan 17, 2007",4,8,6,25,26,27,32
"Sat, Jan 13, 2007",26,21,15,44,33,7,9
"Wed, Jan 10, 2007",3,10,2,38,12,4,5
"Sat, Jan 6, 2007",10,31,20,39,44,29,19
"Wed, Jan 3, 2007",39,2,1,36,30,27,3
"Sat, Dec 30, 2006",21,5,36,27,33,28,49
"Wed, Dec 27, 2006",4,29,34,28,33,27,13
"Sat, Dec 23, 2006",8,32,37,13,41,44,46
"Wed, Dec 20, 2006",16,9,19,11,17,42,38
"Sat, Dec 16, 2006",12,46,43,42,47,15,40
"Wed, Dec 13, 2006",48,15,8,16,31,49,6
"Sat, Dec 9, 2006",1,9,36,23,4,35,15
"Wed, Dec 6, 2006",11,34,4,33,9,42,38
"Sat, Dec 2, 2006",15,43,12,17,3,49,44
"Wed, Nov 29, 2006",6,25,27,11,15,10,7
"Sat, Nov 25, 2006",27,11,17,7,20,9,22
"Wed, Nov 22, 2006",10,16,13,30,14,2,32
"Sat, Nov 18, 2006",5,26,6,16,23,17,24
"Wed, Nov 15, 2006",7,14,40,26,16,28,33
"Sat, Nov 11, 2006",33,15,2,13,4,1,35
"Wed, Nov 8, 2006",35,6,17,2,45,37,7
"Sat, Nov 4, 2006",23,39,40,26,24,17,33
"Wed, Nov 1, 2006",38,13,31,46,10,30,4
"Sat, Oct 28, 2006",40,41,49,2,24,48,45
"Wed, Oct 25, 2006",4,44,49,18,34,11,43
"Sat, Oct 21, 2006",43,8,47,29,9,26,42
"Wed, Oct 18, 2006",49,8,18,17,42,6,39
"Sat, Oct 14, 2006",36,7,28,30,9,46,29
"Wed, Oct 11, 2006",31,27,39,20,16,8,33
"Sat, Oct 7, 2006",17,49,8,30,5,7,6
"Wed, Oct 4, 2006",34,48,41,29,47,28,37
"Sat, Sep 30, 2006",49,14,46,9,42,28,29
"Wed, Sep 27, 2006",20,25,15,11,2,10,33
"Sat, Sep 23, 2006",6,31,33,29,5,21,3
"Wed, Sep 20, 2006",16,7,23,24,49,38,35
"Sat, Sep 16, 2006",23,40,34,33,46,28,48
"Wed, Sep 13, 2006",22,45,10,30,6,7,31
"Sat, Sep 9, 2006",34,27,9,23,24,16,39
"Wed, Sep 6, 2006",23,36,20,16,42,46,27
"Sat, Sep 2, 2006",23,38,25,16,41,24,44
"Wed, Aug 30, 2006",32,25,42,11,18,49,24
"Sat, Aug 26, 2006",24,27,4,17,48,21,30
"Wed, Aug 23, 2006",16,48,49,43,20,18,19
"Sat, Aug 19, 2006",33,6,49,48,10,5,4
"Wed, Aug 16, 2006",3,29,44,9,1,46,8
"Sat, Aug 12, 2006",15,27,34,31,13,11,5
"Wed, Aug 9, 2006",39,14,49,25,45,13,30
"Sat, Aug 5, 2006",31,37,15,30,42,8,25
"Wed, Aug 2, 2006",20,43,19,21,36,24,14
"Sat, Jul 29, 2006",5,41,31,23,6,14,30
"Wed, Jul 26, 2006",10,19,38,12,47,41,37
"Sat, Jul 22, 2006",16,18,2,17,15,11,8
"Wed, Jul 19, 2006",30,3,16,45,1,9,20
"Sat, Jul 15, 2006",44,6,16,41,24,48,27
"Wed, Jul 12, 2006",18,28,13,30,26,3,21
"Sat, Jul 8, 2006",46,42,34,27,18,20,3
"Wed, Jul 5, 2006",49,5,14,17,2,16,34
"Sat, Jul 1, 2006",28,5,34,48,44,2,29
"Wed, Jun 28, 2006",2,8,21,11,47,48,23
"Sat, Jun 24, 2006",45,40,22,28,48,9,26
"Wed, Jun 21, 2006",2,41,1,21,6,29,46
"Sat, Jun 17, 2006",11,8,41,37,43,19,17
"Wed, Jun 14, 2006",1,47,9,23,33,27,45
"Sat, Jun 10, 2006",25,36,32,41,44,34,8
"Wed, Jun 7, 2006",16,7,29,18,33,10,47
"Sat, Jun 3, 2006",10,39,21,29,25,22,48
"Wed, May 31, 2006",17,7,6,2,3,40,8
"Sat, May 27, 2006",32,10,22,20,42,37,8
"Wed, May 24, 2006",17,6,27,35,33,32,10
"Sat, May 20, 2006",8,19,17,36,10,9,4
"Wed, May 17, 2006",15,25,14,47,16,1,39
"Sat, May 13, 2006",14,16,37,38,40,33,43
"Wed, May 10, 2006",41,8,48,29,39,32,2
"Sat, May 6, 2006",4,38,37,22,42,46,35
"Wed, May 3, 2006",14,31,33,42,12,30,20
"Sat, Apr 29, 2006",46,5,23,25,29,7,3
"Wed, Apr 26, 2006",31,39,6,11,25,1,26
"Sat, Apr 22, 2006",13,15,37,42,17,8,1
"Wed, Apr 19, 2006",20,34,21,29,13,31,14
"Sat, Apr 15, 2006",46,22,16,15,11,37,18
"Wed, Apr 12, 2006",9,11,6,33,13,49,41
"Sat, Apr 8, 2006",3,6,26,37,39,48,47
"Wed, Apr 5, 2006",47,33,42,35,46,26,38
"Sat, Apr 1, 2006",42,12,5,9,34,25,21
"Wed, Mar 29, 2006",38,4,37,24,10,34,5
"Sat, Mar 25, 2006",41,20,18,24,46,34,28
"Wed, Mar 22, 2006",35,3,10,43,41,34,27
"Sat, Mar 18, 2006",26,47,20,38,36,24,11
"Wed, Mar 15, 2006",20,2,7,16,34,18,12
"Sat, Mar 11, 2006",44,27,1,11,33,35,23
"Wed, Mar 8, 2006",23,46,21,9,2,11,10
"Sat, Mar 4, 2006",19,24,21,23,32,14,11
"Wed, Mar 1, 2006",23,41,4,16,42,44,2
"Sat, Feb 25, 2006",49,32,9,15,14,39,31
"Wed, Feb 22, 2006",13,30,20,1,4,23,12
"Sat, Feb 18, 2006",48,30,22,27,28,19,36
"Wed, Feb 15, 2006",20,42,34,15,41,48,2
"Sat, Feb 11, 2006",48,20,33,27,15,4,22
"Wed, Feb 8, 2006",48,37,47,32,23,38,31
"Sat, Feb 4, 2006",36,42,7,47,5,34,26
"Wed, Feb 1, 2006",13,17,29,10,23,39,3
"Sat, Jan 28, 2006",21,23,27,3,44,38,26
"Wed, Jan 25, 2006",45,39,14,36,18,8,2
"Sat, Jan 21, 2006",16,20,1,45,32,5,21
"Wed, Jan 18, 2006",39,45,6,23,27,30,19
"Sat, Jan 14, 2006",1,11,4,40,2,12,45
"Wed, Jan 11, 2006",26,37,11,4,17,24,19
"Sat, Jan 7, 2006",42,11,2,46,39,45,33
"Wed, Jan 4, 2006",34,12,36,43,9,41,15
"Sat, Dec 31, 2005",15,16,47,17,38,21,42
"Wed, Dec 28, 2005",36,42,29,43,45,19,23
"Sat, Dec 24, 2005",13,27,20,26,42,16,21
"Wed, Dec 21, 2005",18,46,6,44,40,16,11
"Sat, Dec 17, 2005",40,16,15,9,26,33,22
"Wed, Dec 14, 2005",33,23,8,25,45,36,26
"Sat, Dec 10, 2005",41,46,10,32,39,6,26
"Wed, Dec 7, 2005",21,24,29,26,49,8,47
"Sat, Dec 3, 2005",14,20,33,38,7,43,5
"Wed, Nov 30, 2005",39,34,3,23,15,9,17
"Sat, Nov 26, 2005",12,35,2,39,41,42,30
"Wed, Nov 23, 2005",33,5,3,10,35,8,41
"Sat, Nov 19, 2005",17,48,34,19,22,42,43
"Wed, Nov 16, 2005",1,30,7,39,32,42,48
"Sat, Nov 12, 2005",37,34,35,6,23,14,48
"Wed, Nov 9, 2005",38,44,31,23,17,18,12
"Sat, Nov 5, 2005",39,13,40,3,47,30,17
"Wed, Nov 2, 2005",27,37,15,44,14,4,41
"Sat, Oct 29, 2005",49,21,12,16,22,37,27
"Wed, Oct 26, 2005",37,15,36,44,40,27,10
"Sat, Oct 22, 2005",44,11,26,40,16,35,38
"Wed, Oct 19, 2005",45,29,21,7,25,43,36
"Sat, Oct 15, 2005",38,21,23,35,29,47,32
"Wed, Oct 12, 2005",43,32,28,31,26,15,30
"Sat, Oct 8, 2005",12,20,3,48,4,14,29
"Wed, Oct 5, 2005",20,33,27,4,39,26,17
"Sat, Oct 1, 2005",34,11,44,30,8,1,48
"Wed, Sep 28, 2005",42,20,39,47,5,2,13
"Sat, Sep 24, 2005",8,27,5,39,2,43,45
"Wed, Sep 21, 2005",10,3,17,19,18,21,41
"Sat, Sep 17, 2005",40,43,47,42,44,21,27
"Wed, Sep 14, 2005",40,17,35,6,14,9,22
"Sat, Sep 10, 2005",29,35,42,8,38,45,3
"Wed, Sep 7, 2005",15,10,46,47,21,32,20
"Sat, Sep 3, 2005",30,47,17,13,2,15,36
"Wed, Aug 31, 2005",27,43,37,28,20,40,3
"Sat, Aug 27, 2005",25,17,33,15,3,32,16
"Wed, Aug 24, 2005",24,36,35,32,3,39,19
"Sat, Aug 20, 2005",44,23,39,35,21,29,32
"Wed, Aug 17, 2005",18,48,42,32,35,31,45
"Sat, Aug 13, 2005",45,26,32,14,10,3,18
"Wed, Aug 10, 2005",23,9,16,1,49,26,18
"Sat, Aug 6, 2005",5,36,22,14,23,16,25
"Wed, Aug 3, 2005",5,49,45,23,39,38,34
"Sat, Jul 30, 2005",10,48,3,47,20,36,41
"Wed, Jul 27, 2005",18,30,45,11,43,7,46
"Sat, Jul 23, 2005",42,47,13,37,12,46,44
"Wed, Jul 20, 2005",43,42,17,6,23,19,37
"Sat, Jul 16, 2005",15,49,14,35,4,30,45
"Wed, Jul 13, 2005",45,21,24,41,34,43,5
"Sat, Jul 9, 2005",23,6,30,48,13,21,22
"Wed, Jul 6, 2005",14,8,30,45,47,1,18
"Sat, Jul 2, 2005",31,2,13,23,34,33,37
"Wed, Jun 29, 2005",13,38,28,27,19,21,16
"Sat, Jun 25, 2005",41,3,10,26,28,17,39
"Wed, Jun 22, 2005",2,18,39,21,32,33,29
"Sat, Jun 18, 2005",46,27,12,40,22,2,35
"Wed, Jun 15, 2005",16,21,44,6,2,27,12
"Sat, Jun 11, 2005",15,26,8,24,43,1,13
"Wed, Jun 8, 2005",20,25,12,18,2,28,17
"Sat, Jun 4, 2005",41,2,48,33,42,10,16
"Wed, Jun 1, 2005",48,18,6,9,14,22,23
"Sat, May 28, 2005",29,6,36,33,7,48,1
"Wed, May 25, 2005",33,40,27,25,22,8,11
"Sat, May 21, 2005",31,11,44,28,20,27,6
"Wed, May 18, 2005",29,49,33,11,39,2,43
"Sat, May 14, 2005",23,21,49,13,16,40,10
"Wed, May 11, 2005",1,45,26,18,42,29,5
"Sat, May 7, 2005",42,13,31,22,34,40,39
"Wed, May 4, 2005",20,2,8,37,44,41,35
"Sat, Apr 30, 2005",5,1,30,21,36,47,45
"Wed, Apr 27, 2005",38,27,8,5,37,17,47
"Sat, Apr 23, 2005",48,28,16,41,33,47,27
"Wed, Apr 20, 2005",33,26,21,31,8,35,40
"Sat, Apr 16, 2005",48,35,21,19,6,32,27
"Wed, Apr 13, 2005",10,43,46,3,29,2,33
"Sat, Apr 9, 2005",27,18,21,25,22,43,30
"Wed, Apr 6, 2005",16,7,6,11,28,33,18
"Sat, Apr 2, 2005",37,17,24,45,46,10,28
"Wed, Mar 30, 2005",6,48,20,32,33,36,17
"Sat, Mar 26, 2005",11,24,22,42,5,28,1
"Wed, Mar 23, 2005",18,24,48,27,31,30,20
"Sat, Mar 19, 2005",45,46,24,4,32,25,5
"Wed, Mar 16, 2005",20,16,1,10,41,24,40
"Sat, Mar 12, 2005",21,16,48,23,4,33,2
"Wed, Mar 9, 2005",11,18,22,1,42,19,16
"Sat, Mar 5, 2005",34,43,48,36,35,8,37
"Wed, Mar 2, 2005",26,41,45,46,38,22,37
"Sat, Feb 26, 2005",7,48,27,4,45,3,38
"Wed, Feb 23, 2005",4,23,39,19,32,7,38
"Sat, Feb 19, 2005",31,6,15,17,25,29,47
"Wed, Feb 16, 2005",12,49,13,30,15,3,37
"Sat, Feb 12, 2005",28,31,13,46,23,38,14
"Wed, Feb 9, 2005",14,23,42,27,17,38,12
"Sat, Feb 5, 2005",45,36,10,1,29,20,11
"Wed, Feb 2, 2005",8,5,49,26,2,12,35
"Sat, Jan 29, 2005",33,21,47,42,13,1,17
"Wed, Jan 26, 2005",2,4,19,1,37,8,9
"Sat, Jan 22, 2005",39,15,5,14,43,22,1
"Wed, Jan 19, 2005",24,28,25,48,8,12,45
"Sat, Jan 15, 2005",15,21,32,48,10,30,20
"Wed, Jan 12, 2005",6,12,25,31,34,47,40
"Sat, Jan 8, 2005",2,4,17,18,31,41,26
"Wed, Jan 5, 2005",6,13,32,44,48,36,12
"Fri, Dec 31, 2004",20,32,17,8,11,19,10
"Wed, Dec 29, 2004",17,18,28,38,39,43,14
"Fri, Dec 24, 2004",40,2,11,14,44,23,8
"Wed, Dec 22, 2004",6,18,31,42,44,47,41
"Sat, Dec 18, 2004",2,3,18,23,24,36,16
"Wed, Dec 15, 2004",23,15,7,44,18,13,41
"Sat, Dec 11, 2004",36,9,4,35,12,42,22
"Wed, Dec 8, 2004",33,19,49,41,8,31,22
"Sat, Dec 4, 2004",22,27,49,7,17,8,19
"Wed, Dec 1, 2004",47,31,27,22,21,7,2
"Sat, Nov 27, 2004",6,26,1,48,13,18,7
"Wed, Nov 24, 2004",46,19,18,12,7,25,6
"Sat, Nov 20, 2004",6,14,18,35,39,40,2
"Wed, Nov 17, 2004",8,42,39,40,26,3,23
"Sat, Nov 13, 2004",4,46,41,16,44,32,24
"Wed, Nov 10, 2004",28,33,16,12,24,47,40
"Sat, Nov 6, 2004",11,36,47,15,9,21,25
"Wed, Nov 3, 2004",7,8,40,15,3,49,35
"Sat, Oct 30, 2004",38,43,13,9,20,26,46
"Wed, Oct 27, 2004",44,39,20,7,35,3,33
"Sat, Oct 23, 2004",30,43,48,29,25,15,7
"Wed, Oct 20, 2004",3,11,41,22,24,47,49
"Sat, Oct 16, 2004",7,11,15,20,21,23,43
"Wed, Oct 13, 2004",40,14,38,19,42,8,1
"Sat, Oct 9, 2004",42,5,6,27,32,21,36
"Wed, Oct 6, 2004",2,16,19,42,5,35,37
"Sat, Oct 2, 2004",29,37,15,16,48,42,25
"Wed, Sep 29, 2004",7,11,5,27,9,14,34
"Sat, Sep 25, 2004",14,27,45,46,41,9,1
"Wed, Sep 22, 2004",33,28,44,39,30,35,34
"Sat, Sep 18, 2004",38,45,24,29,47,4,44
"Wed, Sep 15, 2004",46,38,30,7,32,24,34
"Sat, Sep 11, 2004",4,36,7,46,17,13,23
"Wed, Sep 8, 2004",12,43,9,14,15,46,10
"Sat, Sep 4, 2004",32,27,45,18,40,2,30
"Wed, Sep 1, 2004",35,8,28,26,1,46,12
"Sat, Aug 28, 2004",16,17,48,7,37,2,20
"Wed, Aug 25, 2004",46,27,26,20,11,28,18
"Sat, Aug 21, 2004",32,10,3,41,33,1,12
"Wed, Aug 18, 2004",41,11,43,16,26,31,37
"Sat, Aug 14, 2004",20,28,18,27,26,3,6
"Wed, Aug 11, 2004",9,21,14,20,31,29,22
"Sat, Aug 7, 2004",5,36,9,31,33,21,4
"Wed, Aug 4, 2004",1,44,13,47,27,14,11
"Sat, Jul 31, 2004",18,24,11,2,39,34,47
"Wed, Jul 28, 2004",23,20,30,29,6,9,49
"Sat, Jul 24, 2004",20,22,10,33,19,9,47
"Wed, Jul 21, 2004",31,41,36,35,12,28,22
"Sat, Jul 17, 2004",44,13,47,41,25,5,19
"Wed, Jul 14, 2004",3,25,9,22,40,31,26
"Sat, Jul 10, 2004",48,41,20,30,47,42,31
"Wed, Jul 7, 2004",11,16,10,45,5,20,9
"Sat, Jul 3, 2004",20,38,31,30,5,21,11
"Wed, Jun 30, 2004",23,21,10,32,3,36,43
"Sat, Jun 26, 2004",33,36,7,16,35,30,22
"Wed, Jun 23, 2004",44,23,20,45,46,2,40
"Sat, Jun 19, 2004",14,7,28,17,24,36,31
"Wed, Jun 16, 2004",8,34,14,39,7,22,19
"Sat, Jun 12, 2004",40,29,7,35,6,27,39
"Wed, Jun 9, 2004",41,21,29,36,34,28,8
"Sat, Jun 5, 2004",3,24,2,1,30,46,48
"Wed, Jun 2, 2004",24,44,12,1,36,17,3
"Sat, May 29, 2004",22,10,45,31,37,1,43
"Wed, May 26, 2004",36,12,7,10,8,9,17
"Sat, May 22, 2004",23,49,22,20,40,37,18
"Wed, May 19, 2004",27,45,48,22,1,33,29
"Sat, May 15, 2004",18,31,48,20,30,40,49
"Wed, May 12, 2004",46,24,22,19,31,25,47
"Sat, May 8, 2004",23,8,17,14,39,35,7
"Wed, May 5, 2004",31,48,20,13,4,46,22
"Sat, May 1, 2004",21,43,25,15,14,46,1
"Wed, Apr 28, 2004",33,25,38,42,47,49,43
"Sat, Apr 24, 2004",19,42,7,12,36,26,9
"Wed, Apr 21, 2004",32,5,18,20,44,9,2
"Sat, Apr 17, 2004",47,4,18,29,15,25,16
"Wed, Apr 14, 2004",25,20,23,16,49,13,43
"Sat, Apr 10, 2004",2,24,22,30,23,9,5
"Wed, Apr 7, 2004",49,33,4,35,9,23,39
"Sat, Apr 3, 2004",22,8,2,12,6,46,47
"Wed, Mar 31, 2004",1,10,18,2,43,45,42
"Sat, Mar 27, 2004",22,8,37,4,31,35,2
"Wed, Mar 24, 2004",12,33,35,18,24,41,1
"Sat, Mar 20, 2004",38,17,42,19,13,45,44
"Wed, Mar 17, 2004",1,23,41,14,2,31,33
"Sat, Mar 13, 2004",26,47,34,46,20,2,45
"Wed, Mar 10, 2004",8,9,17,28,47,25,21
"Sat, Mar 6, 2004",31,49,29,34,41,32,20
"Wed, Mar 3, 2004",33,26,11,41,35,2,34
"Sat, Feb 28, 2004",31,3,44,27,20,9,7
"Wed, Feb 25, 2004",39,38,32,17,49,43,2
"Sat, Feb 21, 2004",17,8,28,47,38,15,46
"Wed, Feb 18, 2004",44,2,43,36,8,30,29
"Sat, Feb 14, 2004",30,45,32,43,8,4,28
"Wed, Feb 11, 2004",12,7,39,42,5,26,23
"Sat, Feb 7, 2004",12,13,3,43,7,36,10
"Wed, Feb 4, 2004",28,32,39,13,40,41,12
"Sat, Jan 31, 2004",6,25,29,2,48,10,31
"Wed, Jan 28, 2004",46,48,45,23,34,17,16
"Sat, Jan 24, 2004",21,35,1,24,18,6,32
"Wed, Jan 21, 2004",48,5,36,8,13,19,1
"Sat, Jan 17, 2004",40,2,15,47,34,23,5
"Wed, Jan 14, 2004",5,32,41,16,18,30,12
"Sat, Jan 10, 2004",4,39,38,43,20,7,32
"Wed, Jan 7, 2004",23,33,7,15,30,16,27
"Sat, Jan 3, 2004",15,11,34,2,23,17,24
"Wed, Dec 31, 2003",49,28,25,47,18,33,14
"Sat, Dec 27, 2003",37,13,38,39,22,18,4
"Wed, Dec 24, 2003",30,14,6,21,12,18,47
"Sat, Dec 20, 2003",2,5,14,8,49,31,17
"Wed, Dec 17, 2003",30,4,2,34,37,39,23
"Sat, Dec 13, 2003",6,26,44,38,25,2,32
"Wed, Dec 10, 2003",45,38,47,8,42,14,12
"Sat, Dec 6, 2003",17,47,11,1,9,36,7
"Wed, Dec 3, 2003",18,3,28,44,12,22,10
"Sat, Nov 29, 2003",41,9,48,32,43,6,37
"Wed, Nov 26, 2003",2,21,6,14,40,7,47
"Sat, Nov 22, 2003",28,3,31,49,32,18,21
"Wed, Nov 19, 2003",30,20,46,27,23,24,1
"Sat, Nov 15, 2003",17,16,25,39,27,34,33
"Wed, Nov 12, 2003",1,33,23,47,29,41,42
"Sat, Nov 8, 2003",37,3,8,32,5,34,21
"Wed, Nov 5, 2003",31,38,21,23,46,14,26
"Sat, Nov 1, 2003",29,21,26,48,2,47,18
"Wed, Oct 29, 2003",23,6,40,31,38,9,35
"Sat, Oct 25, 2003",16,25,29,26,4,19,49
"Wed, Oct 22, 2003",35,43,49,20,8,18,14
"Sat, Oct 18, 2003",40,30,19,42,37,22,1
"Wed, Oct 15, 2003",10,15,1,37,16,17,44
"Sat, Oct 11, 2003",8,44,31,34,13,23,35
"Wed, Oct 8, 2003",34,10,9,2,38,30,49
"Sat, Oct 4, 2003",30,38,48,37,31,14,22
"Wed, Oct 1, 2003",49,35,24,36,5,2,16
"Sat, Sep 27, 2003",45,35,13,2,43,1,30
"Wed, Sep 24, 2003",34,31,10,38,23,41,32
"Sat, Sep 20, 2003",34,12,45,4,49,25,46
"Wed, Sep 17, 2003",16,24,10,47,19,23,34
"Sat, Sep 13, 2003",36,26,45,32,33,10,48
"Wed, Sep 10, 2003",16,41,14,22,1,37,3
"Sat, Sep 6, 2003",20,16,43,46,25,24,42
"Wed, Sep 3, 2003",47,49,12,14,15,3,19
"Sat, Aug 30, 2003",14,22,49,7,43,45,42
"Wed, Aug 27, 2003",14,41,25,19,49,37,17
"Sat, Aug 23, 2003",24,31,15,13,30,9,27
"Wed, Aug 20, 2003",18,45,23,6,36,34,33
"Sat, Aug 16, 2003",31,35,8,37,47,30,7
"Wed, Aug 13, 2003",36,22,48,8,6,9,40
"Sat, Aug 9, 2003",8,6,7,41,16,47,27
"Wed, Aug 6, 2003",21,37,4,36,15,47,14
"Sat, Aug 2, 2003",31,8,9,1,22,19,36
"Wed, Jul 30, 2003",44,39,33,30,18,29,31
"Sat, Jul 26, 2003",27,32,14,18,38,5,3
"Wed, Jul 23, 2003",10,38,46,9,45,3,30
"Sat, Jul 19, 2003",24,36,19,28,43,17,13
"Wed, Jul 16, 2003",27,16,24,5,4,44,1
"Sat, Jul 12, 2003",25,41,16,32,12,38,6
"Wed, Jul 9, 2003",11,10,33,3,31,4,23
"Sat, Jul 5, 2003",14,21,6,11,42,30,17
"Wed, Jul 2, 2003",14,12,40,44,10,24,39
"Sat, Jun 28, 2003",39,40,9,43,19,1,11
"Wed, Jun 25, 2003",41,23,10,8,48,22,38
"Sat, Jun 21, 2003",11,1,14,8,44,43,40
"Wed, Jun 18, 2003",26,14,29,32,36,35,37
"Sat, Jun 14, 2003",43,2,46,3,14,26,34
"Wed, Jun 11, 2003",12,20,44,40,11,3,49
"Sat, Jun 7, 2003",40,21,46,30,48,19,15
"Wed, Jun 4, 2003",21,9,10,25,46,28,7
"Sat, May 31, 2003",41,13,30,21,34,9,10
"Wed, May 28, 2003",38,35,15,19,46,14,9
"Sat, May 24, 2003",20,21,40,48,41,44,10
"Wed, May 21, 2003",16,43,12,30,8,21,49
"Sat, May 17, 2003",19,43,22,13,39,31,16
"Wed, May 14, 2003",7,45,9,1,30,46,20
"Sat, May 10, 2003",2,16,46,47,28,42,48
"Wed, May 7, 2003",40,15,39,21,22,11,6
"Sat, May 3, 2003",32,46,1,13,37,34,41
"Wed, Apr 30, 2003",21,8,15,45,24,30,25
"Sat, Apr 26, 2003",42,31,22,41,34,37,5
"Wed, Apr 23, 2003",44,2,6,34,29,11,20
"Sat, Apr 19, 2003",44,24,3,15,13,48,23
"Wed, Apr 16, 2003",28,10,40,29,22,44,15
"Sat, Apr 12, 2003",15,19,1,13,40,6,21
"Wed, Apr 9, 2003",36,14,5,38,30,42,11
"Sat, Apr 5, 2003",35,22,12,17,37,41,8
"Wed, Apr 2, 2003",44,6,38,27,48,31,2
"Sat, Mar 29, 2003",15,48,28,41,39,31,7
"Wed, Mar 26, 2003",9,38,12,22,44,20,14
"Sat, Mar 22, 2003",45,8,32,31,49,46,23
"Wed, Mar 19, 2003",49,2,29,28,11,17,21
"Sat, Mar 15, 2003",25,33,31,23,29,27,20
"Wed, Mar 12, 2003",32,48,30,16,8,18,45
"Sat, Mar 8, 2003",25,45,1,6,44,34,2
"Wed, Mar 5, 2003",29,25,24,8,48,15,36
"Sat, Mar 1, 2003",1,12,4,14,18,30,13
"Wed, Feb 26, 2003",45,43,5,35,32,48,24
"Sat, Feb 22, 2003",22,47,7,17,6,16,25
"Wed, Feb 19, 2003",48,30,16,36,17,27,13
"Sat, Feb 15, 2003",7,46,29,3,6,26,22
"Wed, Feb 12, 2003",49,6,24,16,23,1,14
"Sat, Feb 8, 2003",31,20,9,27,16,17,4
"Wed, Feb 5, 2003",6,36,43,41,33,26,47
"Sat, Feb 1, 2003",47,20,9,45,16,6,28
"Wed, Jan 29, 2003",35,9,16,3,6,22,45
"Sat, Jan 25, 2003",13,45,26,19,41,38,34
"Wed, Jan 22, 2003",1,21,22,46,16,41,39
"Sat, Jan 18, 2003",6,37,28,5,17,25,4
"Wed, Jan 15, 2003",24,18,35,1,41,37,30
"Sat, Jan 11, 2003",48,17,44,14,8,16,32
"Wed, Jan 8, 2003",24,47,45,46,7,22,20
"Sat, Jan 4, 2003",10,41,38,18,32,4,29
"Wed, Jan 1, 2003",37,13,2,7,34,41,49
"Sat, Dec 28, 2002",5,49,36,8,12,15,20
"Sat, Dec 21, 2002",22,2,27,5,40,13,19
"Wed, Dec 18, 2002",13,19,5,42,22,44,33
"Sat, Dec 14, 2002",21,5,13,39,7,14,15
"Wed, Dec 11, 2002",32,3,16,44,22,20,18
"Sat, Dec 7, 2002",17,30,7,5,11,2,14
"Wed, Dec 4, 2002",17,21,13,39,12,10,48
"Sat, Nov 30, 2002",28,45,10,14,44,12,4
"Wed, Nov 27, 2002",29,33,41,35,31,22,37
"Sat, Nov 23, 2002",30,26,20,45,28,48,41
"Wed, Nov 20, 2002",7,8,2,39,37,16,45
"Sat, Nov 16, 2002",23,30,21,40,20,8,45
"Wed, Nov 13, 2002",22,23,27,1,34,40,46
"Sat, Nov 9, 2002",3,13,47,4,17,26,28
"Wed, Nov 6, 2002",37,6,31,29,12,25,41
"Sat, Nov 2, 2002",43,23,48,26,9,12,10
"Wed, Oct 30, 2002",33,49,32,48,47,26,24
"Sat, Oct 26, 2002",4,15,47,10,32,30,48
"Wed, Oct 23, 2002",12,25,1,37,13,27,32
"Sat, Oct 19, 2002",42,11,33,7,43,44,8
"Wed, Oct 16, 2002",40,20,12,6,41,24,4
"Sat, Oct 12, 2002",32,25,23,42,3,39,48
"Wed, Oct 9, 2002",38,22,46,20,7,23,39
"Sat, Oct 5, 2002",46,40,48,20,49,1,39
"Wed, Oct 2, 2002",7,19,42,26,21,46,31
"Sat, Sep 28, 2002",33,24,49,19,42,3,23
"Wed, Sep 25, 2002",41,18,44,39,14,23,35
"Sat, Sep 21, 2002",31,26,18,28,48,11,17
"Wed, Sep 18, 2002",41,15,36,23,46,44,16
"Sat, Sep 14, 2002",34,10,35,16,29,41,48
"Wed, Sep 11, 2002",36,29,46,13,45,34,40
"Sat, Sep 7, 2002",40,7,24,14,19,3,22
"Wed, Sep 4, 2002",11,2,19,26,30,32,35
"Sat, Aug 31, 2002",17,34,19,8,42,24,27
"Wed, Aug 28, 2002",12,3,16,45,36,47,27
"Sat, Aug 24, 2002",33,18,37,20,13,30,34
"Wed, Aug 21, 2002",13,24,9,18,19,14,37
"Sat, Aug 17, 2002",37,31,10,40,6,9,7
"Wed, Aug 14, 2002",20,8,22,49,33,13,30
"Sat, Aug 10, 2002",49,30,31,3,34,6,25
"Wed, Aug 7, 2002",47,48,17,32,7,2,43
"Sat, Aug 3, 2002",43,25,16,12,42,6,44
"Wed, Jul 31, 2002",25,32,40,44,4,18,33
"Sat, Jul 27, 2002",2,46,27,44,45,5,19
"Wed, Jul 24, 2002",17,1,38,28,27,7,35
"Sat, Jul 20, 2002",39,30,37,16,20,14,43
"Wed, Jul 17, 2002",8,48,6,35,21,15,44
"Sat, Jul 13, 2002",44,28,36,10,14,3,6
"Wed, Jul 10, 2002",7,48,4,30,19,47,9
"Sat, Jul 6, 2002",35,43,24,46,4,12,20
"Wed, Jul 3, 2002",6,5,25,22,44,12,10
"Sat, Jun 29, 2002",1,48,4,35,39,23,6
"Wed, Jun 26, 2002",40,16,39,20,30,36,29
"Sat, Jun 22, 2002",38,15,40,2,18,16,43
"Wed, Jun 19, 2002",10,7,30,8,1,38,6
"Sat, Jun 15, 2002",43,11,17,24,42,35,9
"Wed, Jun 12, 2002",2,45,20,9,15,28,1
"Sat, Jun 8, 2002",25,8,3,14,26,31,28
"Wed, Jun 5, 2002",29,3,12,33,24,28,25
"Sat, Jun 1, 2002",43,30,5,36,23,46,6
"Wed, May 29, 2002",46,35,28,23,44,26,21
"Sat, May 25, 2002",16,24,33,35,6,48,11
"Wed, May 22, 2002",7,4,46,34,40,6,25
"Sat, May 18, 2002",22,29,31,34,30,40,18
"Wed, May 15, 2002",45,13,37,46,18,19,39
"Sat, May 11, 2002",29,45,13,1,37,26,22
"Wed, May 8, 2002",8,9,3,30,45,35,31
"Sat, May 4, 2002",41,3,2,46,19,27,38
"Wed, May 1, 2002",6,46,28,43,49,8,33
"Sat, Apr 27, 2002",30,41,14,32,24,48,9
"Wed, Apr 24, 2002",11,28,37,22,46,38,47
"Sat, Apr 20, 2002",43,21,48,18,23,4,44
"Wed, Apr 17, 2002",10,12,30,26,35,2,1
"Sat, Apr 13, 2002",36,6,38,49,14,15,21
"Wed, Apr 10, 2002",45,3,44,17,16,9,10
"Sat, Apr 6, 2002",33,46,20,11,48,32,21
"Wed, Apr 3, 2002",13,15,26,28,5,23,41
"Sat, Mar 30, 2002",14,33,13,9,43,45,8
"Wed, Mar 27, 2002",39,27,44,7,16,26,23
"Sat, Mar 23, 2002",43,6,40,18,20,31,30
"Wed, Mar 20, 2002",29,1,34,44,11,43,24
"Sat, Mar 16, 2002",7,30,18,49,44,1,16
"Wed, Mar 13, 2002",32,6,44,49,2,4,34
"Sat, Mar 9, 2002",33,15,9,31,42,34,5
"Wed, Mar 6, 2002",49,26,16,13,10,5,7
"Sat, Mar 2, 2002",7,16,40,19,4,5,39
"Wed, Feb 27, 2002",1,31,35,9,21,46,32
"Sat, Feb 23, 2002",24,48,9,3,13,32,18
"Wed, Feb 20, 2002",43,19,24,30,15,31,27
"Sat, Feb 16, 2002",11,28,5,2,33,16,18
"Wed, Feb 13, 2002",7,22,38,37,44,46,40
"Sat, Feb 9, 2002",45,46,34,7,26,11,5
"Wed, Feb 6, 2002",28,24,16,38,26,48,46
"Sat, Feb 2, 2002",21,16,49,45,34,28,17
"Wed, Jan 30, 2002",3,10,34,29,45,30,32
"Sat, Jan 26, 2002",43,21,49,38,34,20,48
"Wed, Jan 23, 2002",18,19,21,36,37,45,13
"Sat, Jan 19, 2002",42,36,46,45,47,23,18
"Wed, Jan 16, 2002",11,33,4,14,15,36,5
"Sat, Jan 12, 2002",21,24,14,30,8,33,49
"Wed, Jan 9, 2002",17,38,23,12,36,2,31
"Sat, Jan 5, 2002",34,17,35,24,31,27,16
"Wed, Jan 2, 2002",9,23,45,35,29,5,2
"Sat, Dec 29, 2001",23,30,48,35,12,1,8
"Wed, Dec 26, 2001",4,35,1,38,7,10,30
"Sat, Dec 22, 2001",15,17,11,24,13,25,19
"Wed, Dec 19, 2001",42,32,13,30,10,19,6
"Sat, Dec 15, 2001",9,40,29,30,2,14,8
"Wed, Dec 12, 2001",10,40,33,9,37,28,30
"Sat, Dec 8, 2001",31,6,47,27,8,1,16
"Wed, Dec 5, 2001",32,21,15,42,46,19,36
"Sat, Dec 1, 2001",47,38,49,13,30,17,42
"Wed, Nov 28, 2001",21,18,36,31,6,45,9
"Sat, Nov 24, 2001",30,36,44,12,24,15,4
"Wed, Nov 21, 2001",42,20,8,11,27,46,5
"Sat, Nov 17, 2001",28,22,34,6,29,11,10
"Wed, Nov 14, 2001",10,27,6,29,35,49,13
"Sat, Nov 10, 2001",14,10,18,4,34,26,45
"Wed, Nov 7, 2001",34,2,14,8,49,41,10
"Sat, Nov 3, 2001",43,19,29,20,35,25,37
"Wed, Oct 31, 2001",7,5,3,14,11,4,37
"Sat, Oct 27, 2001",11,26,22,32,1,42,19
"Wed, Oct 24, 2001",28,40,24,23,18,27,16
"Sat, Oct 20, 2001",29,45,10,26,28,4,46
"Wed, Oct 17, 2001",16,26,43,38,35,22,49
"Sat, Oct 13, 2001",41,11,31,4,5,18,48
"Wed, Oct 10, 2001",36,31,16,41,15,32,3
"Sat, Oct 6, 2001",44,14,12,7,27,46,32
"Wed, Oct 3, 2001",33,43,7,22,26,24,44
"Sat, Sep 29, 2001",7,4,11,33,19,39,32
"Sat, Sep 22, 2001",15,16,46,44,28,20,10
"Sat, Sep 15, 2001",38,4,37,7,16,1,19
"Sat, Sep 8, 2001",8,27,26,19,3,34,47
"Sat, Sep 1, 2001",29,27,45,25,40,26,48
"Sat, Aug 25, 2001",4,49,30,15,1,46,48
"Sat, Aug 18, 2001",15,40,48,25,4,35,2
"Sat, Aug 11, 2001",14,3,26,42,24,46,45
"Sat, Aug 4, 2001",5,1,3,28,20,2,24
"Sat, Jul 28, 2001",11,45,23,41,44,34,10
"Sat, Jul 21, 2001",9,10,20,48,14,17,27
"Sat, Jul 14, 2001",2,24,43,1,49,40,45
"Sat, Jul 7, 2001",33,38,13,35,8,6,37
"Sat, Jun 30, 2001",46,49,26,16,2,1,40
"Sat, Jun 23, 2001",4,12,24,31,40,42,28
"Sat, Jun 16, 2001",19,8,2,27,7,43,25
"Sat, Jun 9, 2001",20,18,44,8,16,3,46
"Sat, Jun 2, 2001",46,2,10,16,25,3,45
"Sat, May 26, 2001",41,15,17,30,36,49,26
"Sat, May 19, 2001",10,30,16,8,27,13,35
"Sat, May 12, 2001",45,19,24,39,38,13,7
"Sat, May 5, 2001",39,29,30,46,44,12,14
"Sat, Apr 28, 2001",26,37,20,15,29,19,7
"Sat, Apr 21, 2001",36,23,13,11,49,47,29
"Sat, Apr 14, 2001",39,29,28,23,2,30,45
"Sat, Apr 7, 2001",41,35,44,27,11,32,19
"Sat, Mar 31, 2001",41,3,10,30,13,18,22
"Sat, Mar 24, 2001",36,9,3,33,18,5,15
"Sat, Mar 17, 2001",40,29,14,42,16,17,34
"Sat, Mar 10, 2001",47,26,41,14,49,20,12
"Sat, Mar 3, 2001",43,15,40,23,48,27,44
"Sat, Feb 24, 2001",35,18,13,40,24,26,32
"Sat, Feb 17, 2001",41,20,14,30,18,17,35
"Sat, Feb 10, 2001",7,47,10,21,4,20,29
"Sat, Feb 3, 2001",47,3,29,14,5,36,48
"Sat, Jan 27, 2001",45,27,22,20,11,7,48
"Sat, Jan 20, 2001",47,32,39,8,16,40,49
"Sat, Jan 13, 2001",9,29,28,35,34,13,10
"Sat, Jan 6, 2001",24,20,30,6,44,8,26
"Sat, Dec 30, 2000",39,43,49,25,36,4,15
"Sat, Dec 23, 2000",16,47,32,42,35,25,49
"Sat, Dec 16, 2000",4,19,18,1,44,28,47
"Sat, Dec 9, 2000",11,23,24,2,41,46,18
"Sat, Dec 2, 2000",14,20,47,15,46,10,21
"Sat, Nov 25, 2000",10,20,30,21,28,14,5
"Sat, Nov 18, 2000",44,35,15,48,14,47,5
"Sat, Nov 11, 2000",26,5,29,33,3,1,38
"Sat, Nov 4, 2000",28,12,46,13,25,7,14
"Sat, Oct 28, 2000",46,18,20,48,4,10,15
"Sat, Oct 21, 2000",7,32,1,19,34,37,25
"Sat, Oct 14, 2000",40,45,23,11,47,29,27
"Sat, Oct 7, 2000",4,9,2,49,11,28,3
"Sat, Sep 30, 2000",21,19,4,33,29,11,2
"Sat, Sep 23, 2000",39,28,3,40,30,22,17
"Sat, Sep 16, 2000",9,33,27,22,8,32,34
"Sat, Sep 9, 2000",26,45,22,31,12,46,4
"Sat, Sep 2, 2000",5,7,30,3,9,18,48
"Sat, Aug 26, 2000",4,9,24,33,47,7,44
"Sat, Aug 19, 2000",1,18,11,25,22,28,33
"Sat, Aug 12, 2000",16,37,14,48,34,27,8
"Sat, Aug 5, 2000",30,46,47,16,6,22,29
"Sat, Jul 29, 2000",28,42,17,49,21,47,16
"Sat, Jul 22, 2000",27,40,10,47,9,48,7
"Sat, Jul 15, 2000",19,27,13,43,16,20,12
"Sat, Jul 8, 2000",5,22,45,14,32,26,43
"Sat, Jul 1, 2000",12,7,16,41,28,35,30
"Sat, Jun 24, 2000",7,27,1,8,26,33,23
"Sat, Jun 17, 2000",48,10,44,47,11,40,19
"Sat, Jun 10, 2000",25,45,6,1,24,47,3
"Sat, Jun 3, 2000",33,43,49,11,3,8,15
"Sat, May 27, 2000",27,34,38,19,16,12,8
"Sat, May 20, 2000",18,47,8,16,22,6,44
"Sat, May 13, 2000",36,18,35,9,15,10,40
"Sat, May 6, 2000",40,19,44,41,2,47,38
"Sat, Apr 29, 2000",16,25,7,30,35,39,3
"Sat, Apr 22, 2000",39,42,24,18,14,17,8
"Sat, Apr 15, 2000",49,23,19,40,11,7,27
"Sat, Apr 8, 2000",13,17,22,5,4,38,11
"Sat, Apr 1, 2000",42,22,40,1,11,5,43
"Sat, Mar 25, 2000",13,11,18,45,3,44,19
"Sat, Mar 18, 2000",46,1,32,47,35,7,36
"Sat, Mar 11, 2000",48,21,38,29,3,12,11
